-- 
-- Script was generated by Devart dbForge Data Generator for SQL Server, Version 3.11.43.0
-- Product Home Page: http://www.devart.com/dbforge/sql/data-generator/
-- Script date 12.06.2017 15:41:44
-- Target server version: 12.00.4232
-- Target connection string: Data Source=(local);Encrypt=False;Integrated Security=True;User ID=Lastochka\Татьяна
--



SET LANGUAGE 'Russian'
SET DATEFORMAT ymd
SET ARITHABORT, ANSI_PADDING, ANSI_WARNINGS, CONCAT_NULL_YIELDS_NULL, QUOTED_IDENTIFIER, ANSI_NULLS, NOCOUNT ON
SET NUMERIC_ROUNDABORT, IMPLICIT_TRANSACTIONS, XACT_ABORT OFF
GO

--
-- Backing up database Videoportal1
--
--
-- Backup database to the file with the name: <database_name>_<yyyy>_<mm>_<dd>_<hh>_<mi>.bak
--
DECLARE @db_name SYSNAME
SET @db_name = N'Videoportal1'

DECLARE @filepath NVARCHAR(4000)
SET @filepath =
/*define base part*/ N'C:\Program Files\Microsoft SQL Server\MSSQL12.MSSQLSERVER\MSSQL\Backup\' + @db_name + '_' +
/*append date*/ REPLACE(CONVERT(NVARCHAR(10), GETDATE(), 102), '.', '_') + '_' +
/*append time*/ REPLACE(CONVERT(NVARCHAR(5), GETDATE(), 108), ':', '_') + '.bak'

DECLARE @SQL NVARCHAR(MAX)
SET @SQL = 
    N'BACKUP DATABASE ' + QUOTENAME(@db_name) + ' TO DISK = @filepath WITH INIT' + 
      CASE WHEN EXISTS(
                SELECT value
                FROM sys.configurations
                WHERE name = 'backup compression default'
          )
        THEN ', COMPRESSION'
        ELSE ''
      END

EXEC sys.sp_executesql @SQL, N'@filepath NVARCHAR(4000)', @filepath = @filepath
GO

USE Videoportal1
GO
IF DB_NAME() <> N'Videoportal1' SET NOEXEC ON
GO
--
-- Delete data from the table 'dbo.[View]'
--
TRUNCATE TABLE dbo.[View]
GO
--
-- Delete data from the table 'dbo.Videofile'
--
TRUNCATE TABLE dbo.Videofile
GO
--
-- Delete data from the table 'dbo.Video_Playlist'
--
TRUNCATE TABLE dbo.Video_Playlist
GO
--
-- Delete data from the table 'dbo.User_Playlist'
--
TRUNCATE TABLE dbo.User_Playlist
GO
--
-- Delete data from the table 'dbo.Subscribe'
--
TRUNCATE TABLE dbo.Subscribe
GO
--
-- Delete data from the table 'dbo.[Like]'
--
TRUNCATE TABLE dbo.[Like]
GO
--
-- Delete data from the table 'dbo.Dislike'
--
TRUNCATE TABLE dbo.Dislike
GO
--
-- Delete data from the table 'dbo.Comment'
--
TRUNCATE TABLE dbo.Comment
GO
--
-- Delete data from the table 'dbo.Video'
--
DELETE dbo.Video
GO
--
-- Delete data from the table 'dbo.Playlist'
--
DELETE dbo.Playlist
GO
--
-- Delete data from the table 'dbo.[User]'
--
DELETE dbo.[User]
GO
--
-- Delete data from the table 'dbo.Privacy'
--
DELETE dbo.Privacy
GO
--
-- Delete data from the table 'dbo.Category'
--
DELETE dbo.Category
GO

--
-- Inserting data into table dbo.Category
--
INSERT dbo.Category(Category_ID, Category_title) VALUES (1, N'Животные')
INSERT dbo.Category(Category_ID, Category_title) VALUES (2, N'Развлечения')
INSERT dbo.Category(Category_ID, Category_title) VALUES (3, N'Транспорт')
INSERT dbo.Category(Category_ID, Category_title) VALUES (4, N'Новости и политика')
INSERT dbo.Category(Category_ID, Category_title) VALUES (5, N'Люди и блоги')
INSERT dbo.Category(Category_ID, Category_title) VALUES (6, N'Фильмы и анимация')
INSERT dbo.Category(Category_ID, Category_title) VALUES (7, N'Хобби и стиль')
INSERT dbo.Category(Category_ID, Category_title) VALUES (8, N'Компьютерные игры')
INSERT dbo.Category(Category_ID, Category_title) VALUES (9, N'Образование')
INSERT dbo.Category(Category_ID, Category_title) VALUES (10, N'Музыка')
INSERT dbo.Category(Category_ID, Category_title) VALUES (11, N'Общество')
INSERT dbo.Category(Category_ID, Category_title) VALUES (12, N'Спорт')
INSERT dbo.Category(Category_ID, Category_title) VALUES (13, N'Путешествия')
INSERT dbo.Category(Category_ID, Category_title) VALUES (14, N'Наука и техника')
GO

--
-- Inserting data into table dbo.Privacy
--
INSERT dbo.Privacy(Privacy_ID, Privacy_title) VALUES (1, N'Открытый доступ')
INSERT dbo.Privacy(Privacy_ID, Privacy_title) VALUES (2, N'Ограниченный доступ')
INSERT dbo.Privacy(Privacy_ID, Privacy_title) VALUES (3, N'Доступ по ссылке')
GO

--
-- Inserting data into table dbo.[User]
--
INSERT dbo.[User](User_ID, User_nickname, User_email, User_password, User_surname, User_name, User_country, User_phone, User_picture) VALUES (1, N'Mitzi6', N'Edmond_JSperry@example.com', N'6595A', N'Abreu', N'Ma1', N'Guatemala', N'(781) 933-6009', N'waallleas573.bmp')
INSERT dbo.[User](User_ID, User_nickname, User_email, User_password, User_surname, User_name, User_country, User_phone, User_picture) VALUES (2, N'Gatewood57', N'Kyle_Littlejohn946@example.com', N'DMM', N'Wolff', N'Jovita1977', N'Philippines', N'(874) 094-3422', N'hehen.jpg')
INSERT dbo.[User](User_ID, User_nickname, User_email, User_password, User_surname, User_name, User_country, User_phone, User_picture) VALUES (3, N'Buck2014', N'Rosalie_Payne@example.com', N'LJ26LVP368', N'Leger', N'Lavone2024', N'Sweden', N'(168) 685-4435', N'onandleour195.png')
INSERT dbo.[User](User_ID, User_nickname, User_email, User_password, User_surname, User_name, User_country, User_phone, User_picture) VALUES (4, N'Bennett2002', N'Mayer7@example.com', N'SF', N'Doe', N'Blair669', N'Denmark', N'(670) 717-6758', N'allstveto.jpg')
INSERT dbo.[User](User_ID, User_nickname, User_email, User_password, User_surname, User_name, User_country, User_phone, User_picture) VALUES (5, N'Orellana2018', N'Carolann_Pinkston@example.com', N'SC63CTO', N'Hinson', N'Varney1', N'Mongolia', N'(336) 690-7855', N'asoul.bmp')
INSERT dbo.[User](User_ID, User_nickname, User_email, User_password, User_surname, User_name, User_country, User_phone, User_picture) VALUES (6, N'Mckee456', N'Sydney_Gleason@example.com', N'1F2TZ', N'Legg', N'Seymour7', N'Cyprus', N'(117) 429-2791', N'histheingtio.png')
INSERT dbo.[User](User_ID, User_nickname, User_email, User_password, User_surname, User_name, User_country, User_phone, User_picture) VALUES (7, N'Patricia822', N'Lewis263@nowhere.com', N'Z120116CX42', N'Mcconnell', N'Elwood2013', N'France', N'(952) 220-4193', N'tedhinorent4.png')
INSERT dbo.[User](User_ID, User_nickname, User_email, User_password, User_surname, User_name, User_country, User_phone, User_picture) VALUES (8, N'Brady2006', N'SachikoPruett32@example.com', N'R38RZ3TEK8PW96HB39BR0', N'Bowie', N'Zachariah378', N'United States', N'(606) 889-4642', N'wabutoulre.bmp')
INSERT dbo.[User](User_ID, User_nickname, User_email, User_password, User_surname, User_name, User_country, User_phone, User_picture) VALUES (9, N'Cori2017', N'BoCallender4@nowhere.com', N'9', N'Hinton', N'Belia1954', N'Indonesia', N'(667) 388-1791', N'reeauldhi527.jpg')
INSERT dbo.[User](User_ID, User_nickname, User_email, User_password, User_surname, User_name, User_country, User_phone, User_picture) VALUES (10, N'Sonny1', N'RyanTorres734@nowhere.com', N'1', N'Leggett', N'Horacio1984', N'Israel', N'(455) 186-3875', N'haeaithera.bmp')
INSERT dbo.[User](User_ID, User_nickname, User_email, User_password, User_surname, User_name, User_country, User_phone, User_picture) VALUES (11, N'Crum497', N'Stafford@nowhere.com', N'VJT91L8HAQ3NK2LXL9787C4Y', N'Hirsch', N'Tennant26', N'Malaysia', N'(858) 826-2470', N'youwahisera.gif')
INSERT dbo.[User](User_ID, User_nickname, User_email, User_password, User_surname, User_name, User_country, User_phone, User_picture) VALUES (12, N'Dario95', N'BobHauser@example.com', N'9GHFYNN90162', N'Gilley', N'Magdalena1952', N'South Africa', N'(331) 705-9100', N'hennt060.png')
INSERT dbo.[User](User_ID, User_nickname, User_email, User_password, User_surname, User_name, User_country, User_phone, User_picture) VALUES (13, N'Nina3', N'Guzman@example.com', N'UQ7S7Y9', N'Lehman', N'Metcalf161', N'Peru', N'(903) 847-5784', N'edingenhis.jpg')
INSERT dbo.[User](User_ID, User_nickname, User_email, User_password, User_surname, User_name, User_country, User_phone, User_picture) VALUES (14, N'Barry921', N'LorenzoIngle@example.com', N'33', N'Doherty', N'Weldon1978', N'Argentina', N'(431) 638-3280', N'arehinanha.png')
INSERT dbo.[User](User_ID, User_nickname, User_email, User_password, User_surname, User_name, User_country, User_phone, User_picture) VALUES (15, N'Mariano894', N'Velda_M_Holland@example.com', N'NJ830F930614GW6KDHGQ28PZ6H515U0GWY8718U', N'Gilliam', N'Puckett2012', N'Belize', N'(763) 855-5322', N'heionereion.png')
INSERT dbo.[User](User_ID, User_nickname, User_email, User_password, User_surname, User_name, User_country, User_phone, User_picture) VALUES (16, N'Marylin174', N'Deloris.Grogan14@example.com', N'B780W5D167G830', N'Hitchcock', N'Whitney322', N'Turkey', N'(576) 454-2751', N'hisseourhis4.jpg')
INSERT dbo.[User](User_ID, User_nickname, User_email, User_password, User_surname, User_name, User_country, User_phone, User_picture) VALUES (17, N'Green2007', N'MarilynnLouis37@example.com', N'87IAKX', N'Pappas', N'Simpkins1955', N'Canada', N'(347) 544-9019', N'itletedme577.jpg')
INSERT dbo.[User](User_ID, User_nickname, User_email, User_password, User_surname, User_name, User_country, User_phone, User_picture) VALUES (18, N'Andrew575', N'Whyte@example.com', N'9', N'Street', N'Daly37', N'Swaziland', N'(528) 711-3657', N'henitnottio413.gif')
INSERT dbo.[User](User_ID, User_nickname, User_email, User_password, User_surname, User_name, User_country, User_phone, User_picture) VALUES (19, N'Neff386', N'StephanDiggs@example.com', N'VBQ7', N'Acevedo', N'Carey2015', N'Saudi Arabia', N'(552) 031-2644', N'ngtiostng073.bmp')
INSERT dbo.[User](User_ID, User_nickname, User_email, User_password, User_surname, User_name, User_country, User_phone, User_picture) VALUES (20, N'Mcclanahan1992', N'Cervantes@nowhere.com', N'007ZSV8', N'Lehmann', N'Otha2014', N'Luxembourg', N'(177) 527-7117', N'washasehis.png')
INSERT dbo.[User](User_ID, User_nickname, User_email, User_password, User_surname, User_name, User_country, User_phone, User_picture) VALUES (21, N'Sachiko413', N'kanodi7621@example.com', N'OG92NN8XD6EH09QE3Y', N'Hobbs', N'Jessie2015', N'Estonia', N'(894) 031-0755', N'andtetedhin.jpg')
INSERT dbo.[User](User_ID, User_nickname, User_email, User_password, User_surname, User_name, User_country, User_phone, User_picture) VALUES (22, N'Browder2018', N'Corcoran@example.com', N'H38J', N'Bowles', N'Keck717', N'Myanmar', N'(463) 380-9231', N'tionghadtha1.jpg')
INSERT dbo.[User](User_ID, User_nickname, User_email, User_password, User_surname, User_name, User_country, User_phone, User_picture) VALUES (23, N'Mikel1', N'bzpq3000@nowhere.com', N'7G09632C', N'Wolford', N'Lucretia1963', N'Malaysia', N'(443) 306-1244', N'shoing.bmp')
INSERT dbo.[User](User_ID, User_nickname, User_email, User_password, User_surname, User_name, User_country, User_phone, User_picture) VALUES (24, N'Vincenzo187', N'ChantellStacey@example.com', N'FVTNH', N'Acker', N'Antonia28', N'Belgium', N'(923) 166-8811', N'eraerastfor.png')
INSERT dbo.[User](User_ID, User_nickname, User_email, User_password, User_surname, User_name, User_country, User_phone, User_picture) VALUES (25, N'Brittany2013', N'Cormier@nowhere.com', N'O301MP9', N'Leigh', N'Claire2015', N'Zimbabwe', N'(336) 632-3816', N'teera.gif')
INSERT dbo.[User](User_ID, User_nickname, User_email, User_password, User_surname, User_name, User_country, User_phone, User_picture) VALUES (26, N'Monahan789', N'Binder@nowhere.com', N'HZL', N'Bowlin', N'Ignacio765', N'Lebanon', N'(599) 152-5541', N'hatyouston.jpg')
INSERT dbo.[User](User_ID, User_nickname, User_email, User_password, User_surname, User_name, User_country, User_phone, User_picture) VALUES (27, N'Eldon664', N'Essie_Mosby4@nowhere.com', N'G', N'Streeter', N'Sacha1976', N'Malta', N'(359) 106-5687', N'eveleou749.png')
INSERT dbo.[User](User_ID, User_nickname, User_email, User_password, User_surname, User_name, User_country, User_phone, User_picture) VALUES (28, N'Garrett2013', N'Viviana_Cobb@example.com', N'66MOP8S0L3Q65OV0W7E55', N'Hobson', N'Sparks2019', N'Moldova', N'(983) 762-3817', N'teryouve.bmp')
INSERT dbo.[User](User_ID, User_nickname, User_email, User_password, User_surname, User_name, User_country, User_phone, User_picture) VALUES (29, N'Morales796', N'TonyaFain@example.com', N'FF79GG2O70', N'Leighton', N'Tula2006', N'Israel', N'(170) 728-0458', N'asthathaere363.png')
INSERT dbo.[User](User_ID, User_nickname, User_email, User_password, User_surname, User_name, User_country, User_phone, User_picture) VALUES (30, N'Hearn1971', N'Crist@example.com', N'O', N'Dolan', N'Roderick171', N'Malaysia', N'(155) 317-6271', N'meallentsho.bmp')
INSERT dbo.[User](User_ID, User_nickname, User_email, User_password, User_surname, User_name, User_country, User_phone, User_picture) VALUES (31, N'Garnet1974', N'Newman66@example.com', N'2S4098IQ4134', N'Hodge', N'Anisa1966', N'Guatemala', N'(344) 320-2872', N'omeleforhen.gif')
INSERT dbo.[User](User_ID, User_nickname, User_email, User_password, User_surname, User_name, User_country, User_phone, User_picture) VALUES (32, N'Walter1975', N'Hales@example.com', N'S560BVWU001QKE8V', N'Lemaster', N'Madelyn1997', N'France', N'(353) 674-9019', N'toforhenfor.png')
INSERT dbo.[User](User_ID, User_nickname, User_email, User_password, User_surname, User_name, User_country, User_phone, User_picture) VALUES (33, N'Sharyl22', N'pdsnelfn6914@example.com', N'O4609R6A1VT83M', N'Womack', N'Mitchell2022', N'Malaysia', N'(787) 561-0203', N'ntvendis.gif')
INSERT dbo.[User](User_ID, User_nickname, User_email, User_password, User_surname, User_name, User_country, User_phone, User_picture) VALUES (34, N'Rogelio2015', N'Mahoney@example.com', N'414JQ6W30', N'Strickland', N'Vernon255', N'Bangladesh', N'(183) 928-9831', N'ndeaedome8.jpg')
INSERT dbo.[User](User_ID, User_nickname, User_email, User_password, User_surname, User_name, User_country, User_phone, User_picture) VALUES (35, N'Dario12', N'JacintoCarnes998@example.com', N'53702I6D01D', N'Mccool', N'Deshawn2024', N'Peru', N'(195) 639-2265', N'seerewahi11.png')
INSERT dbo.[User](User_ID, User_nickname, User_email, User_password, User_surname, User_name, User_country, User_phone, User_picture) VALUES (36, N'Means517', N'ErnestoHawley@example.com', N'1NGZ43CGRF1F', N'Ackerman', N'Alaina4', N'Tunisia', N'(658) 698-3467', N'verha829.bmp')
INSERT dbo.[User](User_ID, User_nickname, User_email, User_password, User_surname, User_name, User_country, User_phone, User_picture) VALUES (37, N'Jerrold1997', N'Oswald@example.com', N'U19070', N'Paquette', N'Virgen2014', N'Mauritania', N'(289) 081-7679', N'nthishishis.bmp')
INSERT dbo.[User](User_ID, User_nickname, User_email, User_password, User_surname, User_name, User_country, User_phone, User_picture) VALUES (38, N'Rosser2019', N'Hadley248@example.com', N'K3I', N'Wood', N'Richelle1960', N'Korea', N'(213) 082-3138', N'oulanthnt.jpg')
INSERT dbo.[User](User_ID, User_nickname, User_email, User_password, User_surname, User_name, User_country, User_phone, User_picture) VALUES (39, N'Bennie515', N'Montoya@example.com', N'5L9544OG', N'Stringer', N'Settle1959', N'Swaziland', N'(930) 824-8492', N'heestever.bmp')
INSERT dbo.[User](User_ID, User_nickname, User_email, User_password, User_surname, User_name, User_country, User_phone, User_picture) VALUES (40, N'King1963', N'FanningS@example.com', N'I0605505G1QQ217Y1', N'Mccord', N'Anthony1', N'Pakistan', N'(691) 228-8267', N'thihatingtha0.jpg')
INSERT dbo.[User](User_ID, User_nickname, User_email, User_password, User_surname, User_name, User_country, User_phone, User_picture) VALUES (41, N'Angella9', N'Medrano@nowhere.com', N'KWPV7P0GZQDX05409O', N'Woodall', N'Cornell2004', N'South Africa', N'(257) 492-5913', N'astedoulti.gif')
INSERT dbo.[User](User_ID, User_nickname, User_email, User_password, User_surname, User_name, User_country, User_phone, User_picture) VALUES (42, N'Willis57', N'BennettCowart44@example.com', N'T1G6J81UDNAY7JQW9W18E55B', N'Gilliland', N'Kandra797', N'Moldova', N'(407) 941-6290', N'lesttive754.gif')
INSERT dbo.[User](User_ID, User_nickname, User_email, User_password, User_surname, User_name, User_country, User_phone, User_picture) VALUES (43, N'Adam1964', N'Colby_Woodson@nowhere.com', N'F9X6047AH543HJP89', N'Paradis', N'Trotter737', N'Sri Lanka', N'(317) 405-2662', N'eraanrehis.gif')
INSERT dbo.[User](User_ID, User_nickname, User_email, User_password, User_surname, User_name, User_country, User_phone, User_picture) VALUES (44, N'Delena482', N'Veda.Bratcher24@nowhere.com', N'M5P7BKMJGNV6W0US3XDGZ', N'Strong', N'Chana2024', N'Netherlands', N'(764) 665-8987', N'isreterea.png')
INSERT dbo.[User](User_ID, User_nickname, User_email, User_password, User_surname, User_name, User_country, User_phone, User_picture) VALUES (45, N'Louis92', N'CharlieNeuman@example.com', N'3V1BWIIZ2Q7', N'Woodard', N'Darrin1987', N'Malawi', N'(102) 135-9468', N'hireallter675.gif')
INSERT dbo.[User](User_ID, User_nickname, User_email, User_password, User_surname, User_name, User_country, User_phone, User_picture) VALUES (46, N'Emma1983', N'Keck9@example.com', N'KU0S3EXHTKN90T003R76', N'Hodges', N'Samantha194', N'Kuwait', N'(599) 874-9861', N'esforterhat675.bmp')
INSERT dbo.[User](User_ID, User_nickname, User_email, User_password, User_surname, User_name, User_country, User_phone, User_picture) VALUES (47, N'Dickerson9', N'RickyAngel@example.com', N'1YRK289U', N'Bowling', N'Bowles7', N'Iraq', N'(571) 235-2971', N'eavershote.png')
INSERT dbo.[User](User_ID, User_nickname, User_email, User_password, User_surname, User_name, User_country, User_phone, User_picture) VALUES (48, N'Lawson2021', N'Yuki_Mattingly@nowhere.com', N'3Y02M', N'Mccorkle', N'Sturgeon2018', N'Malaysia', N'(472) 822-3025', N'teron76.bmp')
INSERT dbo.[User](User_ID, User_nickname, User_email, User_password, User_surname, User_name, User_country, User_phone, User_picture) VALUES (49, N'Jerrell55', N'Weldon.Steffen888@nowhere.com', N'5I2BA8K95X', N'Doll', N'Patience259', N'Kuwait', N'(693) 006-4267', N'uldomehayou67.gif')
INSERT dbo.[User](User_ID, User_nickname, User_email, User_password, User_surname, User_name, User_country, User_phone, User_picture) VALUES (50, N'Logan2000', N'pqhz991@example.com', N'S908', N'Gillis', N'Sasser8', N'New Zealand', N'(844) 739-8283', N'thient.gif')
INSERT dbo.[User](User_ID, User_nickname, User_email, User_password, User_surname, User_name, User_country, User_phone, User_picture) VALUES (51, N'Lucius2019', N'ejdwgmrj.vmcdpuduqa@nowhere.com', N'84', N'Strother', N'Emery542', N'Saudi Arabia', N'(566) 416-3140', N'inhatanall.bmp')
INSERT dbo.[User](User_ID, User_nickname, User_email, User_password, User_surname, User_name, User_country, User_phone, User_picture) VALUES (52, N'Hellen262', N'ShemikaW_Naquin@nowhere.com', N'E0', N'Dollar', N'Edmond2012', N'Belgium', N'(754) 641-5017', N'wasthi673.bmp')
INSERT dbo.[User](User_ID, User_nickname, User_email, User_password, User_surname, User_name, User_country, User_phone, User_picture) VALUES (53, N'Warren711', N'BethelDLaughlin@example.com', N'7KO0Q', N'Paredes', N'Gale7', N'Slovenia', N'(368) 340-0741', N'asthi.gif')
INSERT dbo.[User](User_ID, User_nickname, User_email, User_password, User_surname, User_name, User_country, User_phone, User_picture) VALUES (54, N'Darla1960', N'CassN516@example.com', N'9JZ', N'Gilman', N'Sterling4', N'Botswana', N'(961) 519-3680', N'lestouith.gif')
INSERT dbo.[User](User_ID, User_nickname, User_email, User_password, User_surname, User_name, User_country, User_phone, User_picture) VALUES (55, N'Speed162', N'Birgit.Mooney@example.com', N'U', N'Woodbury', N'Denice1990', N'Slovakia', N'(550) 692-3967', N'andare70.png')
INSERT dbo.[User](User_ID, User_nickname, User_email, User_password, User_surname, User_name, User_country, User_phone, User_picture) VALUES (56, N'Gene1967', N'Kimber.Granger829@nowhere.com', N'1G7USYVDL8UDVGS28', N'Acosta', N'Shantelle974', N'Poland', N'(836) 441-8997', N'anionerais.bmp')
INSERT dbo.[User](User_ID, User_nickname, User_email, User_password, User_surname, User_name, User_country, User_phone, User_picture) VALUES (57, N'Dale583', N'Oconnell@example.com', N'23', N'Mccormack', N'Rob2010', N'Denmark', N'(384) 940-3312', N'stha.gif')
INSERT dbo.[User](User_ID, User_nickname, User_email, User_password, User_surname, User_name, User_country, User_phone, User_picture) VALUES (58, N'Delmer37', N'blowtni99@example.com', N'AUF', N'Stroud', N'Andy327', N'Singapore', N'(425) 650-8880', N'hadinhent200.png')
INSERT dbo.[User](User_ID, User_nickname, User_email, User_password, User_surname, User_name, User_country, User_phone, User_picture) VALUES (59, N'Lord418', N'BrookeBartholomew@example.com', N'8D', N'Woodcock', N'Gossett62', N'Ecuador', N'(320) 303-7510', N'hiourtioit749.jpg')
INSERT dbo.[User](User_ID, User_nickname, User_email, User_password, User_surname, User_name, User_country, User_phone, User_picture) VALUES (60, N'Lynn1957', N'OlenWinkler@example.com', N'X241GP0TF14H1KVV3M', N'Strunk', N'Isabella2003', N'Brazil', N'(423) 162-7306', N'eristhor.png')
INSERT dbo.[User](User_ID, User_nickname, User_email, User_password, User_surname, User_name, User_country, User_phone, User_picture) VALUES (61, N'Rodger96', N'Aimee.Vitale@nowhere.com', N'01', N'Bowman', N'Nadia7', N'Panama', N'(219) 189-9289', N'vereveouris.bmp')
INSERT dbo.[User](User_ID, User_nickname, User_email, User_password, User_surname, User_name, User_country, User_phone, User_picture) VALUES (62, N'Nila11', N'Merle_Shumaker3@nowhere.com', N'AZ73W3Y63S2', N'Lemay', N'Hanes361', N'Philippines', N'(634) 991-2456', N'arasver8.bmp')
INSERT dbo.[User](User_ID, User_nickname, User_email, User_password, User_surname, User_name, User_country, User_phone, User_picture) VALUES (63, N'Pointer837', N'Cordova@example.com', N'57S2', N'Hodgson', N'Lisandra154', N'Morocco', N'(625) 921-8313', N'tiherndent.jpg')
INSERT dbo.[User](User_ID, User_nickname, User_email, User_password, User_surname, User_name, User_country, User_phone, User_picture) VALUES (64, N'Shively215', N'Randall.Schindler@example.com', N'E93M8O', N'Parent', N'Malinda4', N'Swaziland', N'(911) 781-6494', N'andnt.png')
INSERT dbo.[User](User_ID, User_nickname, User_email, User_password, User_surname, User_name, User_country, User_phone, User_picture) VALUES (65, N'Valerie1952', N'Cornish95@example.com', N'Z', N'Mccormick', N'Wayne1975', N'Belize', N'(873) 854-9515', N'hisngatuld9.png')
INSERT dbo.[User](User_ID, User_nickname, User_email, User_password, User_surname, User_name, User_country, User_phone, User_picture) VALUES (66, N'Leggett68', N'GeraldineHuntley@example.com', N'4994D3ZN', N'Parham', N'Majorie298', N'Gambia', N'(143) 654-0938', N'vehihadhen.gif')
INSERT dbo.[User](User_ID, User_nickname, User_email, User_password, User_surname, User_name, User_country, User_phone, User_picture) VALUES (67, N'Nagle2014', N'Rangel@nowhere.com', N'803O0', N'Wooden', N'Martin2029', N'Guyana', N'(140) 033-4583', N'areha.gif')
INSERT dbo.[User](User_ID, User_nickname, User_email, User_password, User_surname, User_name, User_country, User_phone, User_picture) VALUES (68, N'Remona834', N'RooseveltWoodward578@nowhere.com', N'EI', N'Stuart', N'Jolie2002', N'Nicaragua', N'(505) 811-6376', N'ithed50.gif')
INSERT dbo.[User](User_ID, User_nickname, User_email, User_password, User_surname, User_name, User_country, User_phone, User_picture) VALUES (69, N'Coe2029', N'Danna_Moseley119@nowhere.com', N'6N0', N'Domingo', N'Emmett2014', N'India', N'(429) 074-8010', N'nghen825.png')
INSERT dbo.[User](User_ID, User_nickname, User_email, User_password, User_surname, User_name, User_country, User_phone, User_picture) VALUES (70, N'Burnside39', N'Lane_Dahl7@example.com', N'43W199SX96U6', N'Lemieux', N'Montero9', N'Czech Rep.', N'(426) 676-0739', N'ntwa.gif')
INSERT dbo.[User](User_ID, User_nickname, User_email, User_password, User_surname, User_name, User_country, User_phone, User_picture) VALUES (71, N'Ruben4', N'ChastityFrick@example.com', N'ED9X0P6CQ1VUW1', N'Hoff', N'Chassidy1951', N'Italy', N'(940) 859-6391', N'uldmeereeve.bmp')
INSERT dbo.[User](User_ID, User_nickname, User_email, User_password, User_surname, User_name, User_country, User_phone, User_picture) VALUES (72, N'Dugas1982', N'Karlyn_D_Frederick@example.com', N'2', N'Gilmore', N'Ames8', N'Philippines', N'(792) 356-3309', N'witinguldas572.jpg')
INSERT dbo.[User](User_ID, User_nickname, User_email, User_password, User_surname, User_name, User_country, User_phone, User_picture) VALUES (73, N'Roosevelt153', N'ykmqaysf0@example.com', N'0XA', N'Acuna', N'Shenita2017', N'Zimbabwe', N'(939) 713-9294', N'veneheor207.bmp')
INSERT dbo.[User](User_ID, User_nickname, User_email, User_password, User_surname, User_name, User_country, User_phone, User_picture) VALUES (74, N'Magali45', N'Wooden55@example.com', N'Y', N'Woodley', N'Dwain1995', N'Botswana', N'(753) 411-7851', N'titerheeve8.png')
INSERT dbo.[User](User_ID, User_nickname, User_email, User_password, User_surname, User_name, User_country, User_phone, User_picture) VALUES (75, N'Daron8', N'Antionette_Williams36@nowhere.com', N'89Y', N'Stubblefield', N'Billie2015', N'Panama', N'(856) 991-9933', N'ntvengher919.gif')
INSERT dbo.[User](User_ID, User_nickname, User_email, User_password, User_surname, User_name, User_country, User_phone, User_picture) VALUES (76, N'Mike535', N'LinnY91@nowhere.com', N'5LTT5590C', N'Dominguez', N'Frederic344', N'Pakistan', N'(686) 918-4193', N'leteingar6.bmp')
INSERT dbo.[User](User_ID, User_nickname, User_email, User_password, User_surname, User_name, User_country, User_phone, User_picture) VALUES (77, N'Huey89', N'Small@example.com', N'3291CY1S521U2F0RR', N'Woodruff', N'Marcelino294', N'Samoa', N'(991) 515-0051', N'hisngeretio779.bmp')
INSERT dbo.[User](User_ID, User_nickname, User_email, User_password, User_surname, User_name, User_country, User_phone, User_picture) VALUES (78, N'Floyd7', N'uggr7@nowhere.com', N'KDU7A', N'Bowser', N'Domenic1965', N'Thailand', N'(291) 366-1147', N'tonenebut7.bmp')
INSERT dbo.[User](User_ID, User_nickname, User_email, User_password, User_surname, User_name, User_country, User_phone, User_picture) VALUES (79, N'Travis262', N'WilfredoGillette@example.com', N'8HRU77U0LHF', N'Mccoy', N'Paola8', N'Namibia', N'(789) 212-2480', N'theoul960.png')
INSERT dbo.[User](User_ID, User_nickname, User_email, User_password, User_surname, User_name, User_country, User_phone, User_picture) VALUES (80, N'Allyn29', N'StoreyA19@example.com', N'6Q9VS', N'Adair', N'Gonzalo1957', N'Mongolia', N'(662) 976-8449', N'andhaterth.jpg')
INSERT dbo.[User](User_ID, User_nickname, User_email, User_password, User_surname, User_name, User_country, User_phone, User_picture) VALUES (81, N'Zackary1986', N'PhungWelker585@nowhere.com', N'E47C9BT', N'Box', N'Mandie1', N'Botswana', N'(643) 666-3902', N'uldyouashad.jpg')
INSERT dbo.[User](User_ID, User_nickname, User_email, User_password, User_surname, User_name, User_country, User_phone, User_picture) VALUES (82, N'Melia1976', N'Albert_Nevarez3@example.com', N'51M89', N'Lemke', N'Dooley678', N'Afghanistan', N'(475) 339-6546', N'hisorseit913.bmp')
INSERT dbo.[User](User_ID, User_nickname, User_email, User_password, User_surname, User_name, User_country, User_phone, User_picture) VALUES (83, N'Lyman883', N'TammiPalacios@example.com', N'7A8F', N'Gilson', N'Jayson629', N'Brazil', N'(616) 740-7667', N'reea1.jpg')
INSERT dbo.[User](User_ID, User_nickname, User_email, User_password, User_surname, User_name, User_country, User_phone, User_picture) VALUES (84, N'Betty1965', N'KyongBruno@example.com', N'4IVX3L70W9QQ', N'Paris', N'Cooks5', N'Saudi Arabia', N'(334) 811-3790', N'oulingare.jpg')
INSERT dbo.[User](User_ID, User_nickname, User_email, User_password, User_surname, User_name, User_country, User_phone, User_picture) VALUES (85, N'Thrash749', N'Peachey33@example.com', N'4M6JL5008G61HWH537Z55DL62XC6955Q9E', N'Stubbs', N'Maximo35', N'Romania', N'(498) 159-5857', N'neeaandte82.jpg')
INSERT dbo.[User](User_ID, User_nickname, User_email, User_password, User_surname, User_name, User_country, User_phone, User_picture) VALUES (86, N'Kirkland2003', N'JermaineParsons@example.com', N'8E7', N'Mccracken', N'Erick927', N'Fiji', N'(583) 902-6547', N'hiterevean4.bmp')
INSERT dbo.[User](User_ID, User_nickname, User_email, User_password, User_surname, User_name, User_country, User_phone, User_picture) VALUES (87, N'Terrance77', N'vjys8@example.com', N'E84W9', N'Donahue', N'Berry2009', N'Kuwait', N'(644) 101-8032', N'ndse584.bmp')
INSERT dbo.[User](User_ID, User_nickname, User_email, User_password, User_surname, User_name, User_country, User_phone, User_picture) VALUES (88, N'Jeremy412', N'caod1918@example.com', N'6VC125716Z2MR1', N'Ginn', N'Chisholm9', N'Jordan', N'(298) 239-9459', N'shoouringha.bmp')
INSERT dbo.[User](User_ID, User_nickname, User_email, User_password, User_surname, User_name, User_country, User_phone, User_picture) VALUES (89, N'Colwell1959', N'DanilleAshe@nowhere.com', N'D148DK7CP4C8', N'Parish', N'Antionette2000', N'Georgia', N'(339) 557-0200', N'buttoenfor.gif')
INSERT dbo.[User](User_ID, User_nickname, User_email, User_password, User_surname, User_name, User_country, User_phone, User_picture) VALUES (90, N'Scarlett54', N'PersonU@example.com', N'239ACRW', N'Mccrary', N'Graig2027', N'Zambia', N'(234) 471-0316', N'armeesnt.gif')
INSERT dbo.[User](User_ID, User_nickname, User_email, User_password, User_surname, User_name, User_country, User_phone, User_picture) VALUES (91, N'Darren2013', N'QuentinBroughton@example.com', N'EG3H8', N'Woods', N'Albertson669', N'Peru', N'(925) 414-3820', N'isthaated.bmp')
INSERT dbo.[User](User_ID, User_nickname, User_email, User_password, User_surname, User_name, User_country, User_phone, User_picture) VALUES (92, N'Ahmad1987', N'ggjqf9384@example.com', N'CO32Z3DVSYN13KD', N'Hoffman', N'Edmundo899', N'Qatar', N'(758) 859-0342', N'tinot600.bmp')
INSERT dbo.[User](User_ID, User_nickname, User_email, User_password, User_surname, User_name, User_country, User_phone, User_picture) VALUES (93, N'Jenkins214', N'Bowlin429@example.com', N'R54T9VK4BB99', N'Park', N'Jasmine5', N'Estonia', N'(640) 538-4608', N'heher939.bmp')
INSERT dbo.[User](User_ID, User_nickname, User_email, User_password, User_surname, User_name, User_country, User_phone, User_picture) VALUES (94, N'Duval1965', N'Meadows@example.com', N'3P', N'Adam', N'Warner1986', N'Samoa', N'(173) 463-1537', N'hiswas3.png')
INSERT dbo.[User](User_ID, User_nickname, User_email, User_password, User_surname, User_name, User_country, User_phone, User_picture) VALUES (95, N'Alford523', N'ChristianeBayer@example.com', N'E9405OUSB', N'Donald', N'Lessie68', N'Zimbabwe', N'(157) 340-8038', N'uldeameor.gif')
INSERT dbo.[User](User_ID, User_nickname, User_email, User_password, User_surname, User_name, User_country, User_phone, User_picture) VALUES (96, N'Chacon175', N'Smalley@example.com', N'HDL4D8WQVRT64ND', N'Mccray', N'Enos2006', N'Brazil', N'(440) 200-5648', N'hadinntit.bmp')
INSERT dbo.[User](User_ID, User_nickname, User_email, User_password, User_surname, User_name, User_country, User_phone, User_picture) VALUES (97, N'Johnathon1995', N'DexterPorter424@example.com', N'3UPYA1V2B09Q8TO3X01', N'Stuckey', N'Hyon165', N'Yemen', N'(634) 604-8355', N'heenthies.png')
INSERT dbo.[User](User_ID, User_nickname, User_email, User_password, User_surname, User_name, User_country, User_phone, User_picture) VALUES (98, N'Camellia1979', N'WardD_Camacho232@nowhere.com', N'28O', N'Parker', N'Myra1976', N'Zambia', N'(187) 762-7277', N'witeritit.png')
INSERT dbo.[User](User_ID, User_nickname, User_email, User_password, User_surname, User_name, User_country, User_phone, User_picture) VALUES (99, N'Rayford415', N'Trotter@nowhere.com', N'1WG', N'Woodson', N'Palumbo536', N'Mauritius', N'(662) 588-2647', N'esessho.png')
INSERT dbo.[User](User_ID, User_nickname, User_email, User_password, User_surname, User_name, User_country, User_phone, User_picture) VALUES (100, N'Cristopher1995', N'GeorgeannaWiseman@nowhere.com', N'OBLW290VI7', N'Lemmon', N'France1953', N'Fiji', N'(875) 145-6287', N'ereherverat7.png')
INSERT dbo.[User](User_ID, User_nickname, User_email, User_password, User_surname, User_name, User_country, User_phone, User_picture) VALUES (101, N'Chadwick1955', N'FabiolaC.Gamble444@nowhere.com', N'484O99LR9BX7AA2D415AQ4J291RL19HC0VY8V0BBHTW1S', N'Boyce', N'Garvin1990', N'Canada', N'(212) 022-3050', N'hisnotitheve458.png')
INSERT dbo.[User](User_ID, User_nickname, User_email, User_password, User_surname, User_name, User_country, User_phone, User_picture) VALUES (102, N'Bolden563', N'Mullin@example.com', N'D349615H34E5T9I', N'Mccreary', N'Chery1964', N'Portugal', N'(989) 085-0985', N'youhinanver608.bmp')
INSERT dbo.[User](User_ID, User_nickname, User_email, User_password, User_surname, User_name, User_country, User_phone, User_picture) VALUES (103, N'Hannon2023', N'MartinaOldham@example.com', N'67D', N'Adame', N'Stubbs1965', N'Cuba', N'(341) 196-6574', N'theonareent44.gif')
INSERT dbo.[User](User_ID, User_nickname, User_email, User_password, User_surname, User_name, User_country, User_phone, User_picture) VALUES (104, N'Maximo426', N'ParisBeckwith6@example.com', N'I2', N'Boyd', N'Jarvis1961', N'France', N'(897) 411-4792', N'eveuldhinha.png')
INSERT dbo.[User](User_ID, User_nickname, User_email, User_password, User_surname, User_name, User_country, User_phone, User_picture) VALUES (105, N'Tatiana1972', N'Codi.Hamm32@example.com', N'2', N'Adams', N'Lauer23', N'Fiji', N'(411) 686-9432', N'allhatarehi.gif')
INSERT dbo.[User](User_ID, User_nickname, User_email, User_password, User_surname, User_name, User_country, User_phone, User_picture) VALUES (106, N'Waldrop1', N'KrissyWillson422@example.com', N'KVD87T7A', N'Giordano', N'Harold5', N'Bangladesh', N'(502) 109-8972', N'washenisme.png')
INSERT dbo.[User](User_ID, User_nickname, User_email, User_password, User_surname, User_name, User_country, User_phone, User_picture) VALUES (107, N'Jackson34', N'wird4911@example.com', N'Q5808662S97ZQQ03D5FFA1PF4', N'Donaldson', N'Henry1957', N'Belgium', N'(913) 623-9346', N'eraarterwas98.jpg')
INSERT dbo.[User](User_ID, User_nickname, User_email, User_password, User_surname, User_name, User_country, User_phone, User_picture) VALUES (108, N'Kurtis2013', N'PeterFlorez@nowhere.com', N'3VP20JA94E0', N'Hoffmann', N'Shakira88', N'Philippines', N'(139) 220-3278', N'antheitha8.bmp')
INSERT dbo.[User](User_ID, User_nickname, User_email, User_password, User_surname, User_name, User_country, User_phone, User_picture) VALUES (109, N'Sandy32', N'JesusMcqueen@nowhere.com', N'362657G35SH6S39276Z8', N'Stull', N'Foust963', N'Korea', N'(710) 163-2316', N'forevehisnot.gif')
INSERT dbo.[User](User_ID, User_nickname, User_email, User_password, User_surname, User_name, User_country, User_phone, User_picture) VALUES (110, N'Coleen127', N'Berry_Hamm66@example.com', N'80XG', N'Lemon', N'Afton2021', N'Canada', N'(448) 069-4239', N'eretheitle817.jpg')
INSERT dbo.[User](User_ID, User_nickname, User_email, User_password, User_surname, User_name, User_country, User_phone, User_picture) VALUES (111, N'Booker1983', N'BartonVoss@example.com', N'5F239SPY1M38TDTZB166', N'Gipson', N'Veda2027', N'Vietnam', N'(192) 811-7698', N'theerahatoul.bmp')
INSERT dbo.[User](User_ID, User_nickname, User_email, User_password, User_surname, User_name, User_country, User_phone, User_picture) VALUES (112, N'Brandon9', N'Merle_Cornett64@example.com', N'H2', N'Parkinson', N'Hardison534', N'Guyana', N'(500) 010-9563', N'notmehisnd9.jpg')
INSERT dbo.[User](User_ID, User_nickname, User_email, User_password, User_surname, User_name, User_country, User_phone, User_picture) VALUES (113, N'Myron1991', N'Churchill@nowhere.com', N'7', N'Hogan', N'Darin8', N'Denmark', N'(191) 006-5230', N'waerewit895.bmp')
INSERT dbo.[User](User_ID, User_nickname, User_email, User_password, User_surname, User_name, User_country, User_phone, User_picture) VALUES (114, N'Carrasco2022', N'Dale342@example.com', N'RE84F8CL', N'Woodward', N'Cullen155', N'Norway', N'(249) 889-1096', N'hadatasha.gif')
INSERT dbo.[User](User_ID, User_nickname, User_email, User_password, User_surname, User_name, User_country, User_phone, User_picture) VALUES (115, N'Stephan1973', N'MinhCordell426@nowhere.com', N'AR21383W', N'Stump', N'Shah2002', N'Afghanistan', N'(927) 910-1659', N'witeameng.jpg')
INSERT dbo.[User](User_ID, User_nickname, User_email, User_password, User_surname, User_name, User_country, User_phone, User_picture) VALUES (116, N'Bratcher847', N'Willy.Box@example.com', N'9OZEPPN', N'Donnell', N'Grooms1979', N'Pakistan', N'(326) 781-9189', N'fornothenon.bmp')
INSERT dbo.[User](User_ID, User_nickname, User_email, User_password, User_surname, User_name, User_country, User_phone, User_picture) VALUES (117, N'Doug1992', N'Crenshaw399@nowhere.com', N'96E', N'Girard', N'Blankenship1989', N'Nepal', N'(105) 265-3961', N'ertersted.png')
INSERT dbo.[User](User_ID, User_nickname, User_email, User_password, User_surname, User_name, User_country, User_phone, User_picture) VALUES (118, N'Kisha1969', N'Hyatt@example.com', N'VJ5K3PSXJQ2985L', N'Lemons', N'Sharri1983', N'South Africa', N'(238) 775-4100', N'hameouon11.jpg')
INSERT dbo.[User](User_ID, User_nickname, User_email, User_password, User_surname, User_name, User_country, User_phone, User_picture) VALUES (119, N'Charlsie1950', N'GennieMarquez@example.com', N'W4', N'Donnelly', N'Driscoll897', N'Bulgaria', N'(140) 290-9048', N'reeve.bmp')
INSERT dbo.[User](User_ID, User_nickname, User_email, User_password, User_surname, User_name, User_country, User_phone, User_picture) VALUES (120, N'Henry1983', N'KarineOtoole@example.com', N'90UKD9UEH03J91', N'Boyer', N'Dorris2019', N'Sweden', N'(297) 452-6874', N'wahenndher.png')
INSERT dbo.[User](User_ID, User_nickname, User_email, User_password, User_surname, User_name, User_country, User_phone, User_picture) VALUES (121, N'Mccarthy2019', N'Masters@example.com', N'6', N'Adamson', N'Rosy2023', N'South Africa', N'(782) 521-2086', N'thiionforsho.gif')
INSERT dbo.[User](User_ID, User_nickname, User_email, User_password, User_surname, User_name, User_country, User_phone, User_picture) VALUES (122, N'Marlowe1964', N'MicahAlston59@example.com', N'8O603P4', N'Hogg', N'Bagwell129', N'Turkey', N'(103) 209-1451', N'hatherorit.png')
INSERT dbo.[User](User_ID, User_nickname, User_email, User_password, User_surname, User_name, User_country, User_phone, User_picture) VALUES (123, N'Mancuso7', N'Marshall@nowhere.com', N'YA3T82BMB97FCV714823321NR5271N', N'Woodworth', N'Margaret2013', N'Iraq', N'(591) 864-9225', N'verthhinse263.png')
INSERT dbo.[User](User_ID, User_nickname, User_email, User_password, User_surname, User_name, User_country, User_phone, User_picture) VALUES (124, N'Tricia1956', N'Lynwood.Aguilera@example.com', N'1OZ9', N'Mccue', N'Dick899', N'Iraq', N'(236) 245-1037', N'witsho.gif')
INSERT dbo.[User](User_ID, User_nickname, User_email, User_password, User_surname, User_name, User_country, User_phone, User_picture) VALUES (125, N'Allison365', N'Marin114@nowhere.com', N'W21L', N'Sturgeon', N'Paris4', N'Malawi', N'(856) 961-7727', N'harewahis.png')
INSERT dbo.[User](User_ID, User_nickname, User_email, User_password, User_surname, User_name, User_country, User_phone, User_picture) VALUES (126, N'Abernathy193', N'High@nowhere.com', N'3S4A3L6AES8NY23S32FI42QX0M0NIBCBDW', N'Boykin', N'Jody1977', N'Pakistan', N'(900) 826-9876', N'ourvewit073.png')
INSERT dbo.[User](User_ID, User_nickname, User_email, User_password, User_surname, User_name, User_country, User_phone, User_picture) VALUES (127, N'Clorinda2026', N'CainL8@example.com', N'169R35R1Q', N'Parks', N'Lorenzo721', N'Luxembourg', N'(781) 774-8457', N'nteshinit.jpg')
INSERT dbo.[User](User_ID, User_nickname, User_email, User_password, User_surname, User_name, User_country, User_phone, User_picture) VALUES (128, N'Edmonds1957', N'Lorrine_Pease@nowhere.com', N'Z47N6C6J9S', N'Mcculloch', N'Ralph556', N'France', N'(582) 856-9798', N'thaseedhis288.bmp')
INSERT dbo.[User](User_ID, User_nickname, User_email, User_password, User_surname, User_name, User_country, User_phone, User_picture) VALUES (129, N'Valadez1984', N'nzyic80@example.com', N'G', N'Giron', N'Kenton585', N'Brazil', N'(970) 142-8608', N'henhadtio.gif')
INSERT dbo.[User](User_ID, User_nickname, User_email, User_password, User_surname, User_name, User_country, User_phone, User_picture) VALUES (130, N'Marlys2018', N'EliciaGreenberg677@nowhere.com', N'626N', N'Lemus', N'Todd965', N'Mongolia', N'(945) 700-2189', N'henar.gif')
INSERT dbo.[User](User_ID, User_nickname, User_email, User_password, User_surname, User_name, User_country, User_phone, User_picture) VALUES (131, N'Rees991', N'EmmieStarkey@example.com', N'4', N'Hogue', N'Merlin676', N'Peru', N'(228) 047-0908', N'washad.bmp')
INSERT dbo.[User](User_ID, User_nickname, User_email, User_password, User_surname, User_name, User_country, User_phone, User_picture) VALUES (132, N'Derr2016', N'Coffin131@example.com', N'8', N'Woody', N'Harry372', N'Saudi Arabia', N'(620) 739-6882', N'andas302.bmp')
INSERT dbo.[User](User_ID, User_nickname, User_email, User_password, User_surname, User_name, User_country, User_phone, User_picture) VALUES (133, N'Callender2000', N'Corey.Khan151@example.com', N'58C82B13211G95AHQ222JX3', N'Donohue', N'Cleo1966', N'Iraq', N'(426) 793-7871', N'forsthiou438.png')
INSERT dbo.[User](User_ID, User_nickname, User_email, User_password, User_surname, User_name, User_country, User_phone, User_picture) VALUES (134, N'Reid1960', N'jkdwbxvr.gxeep@example.com', N'49K3P96C57', N'Lennon', N'Maryrose517', N'Iraq', N'(766) 044-4146', N'herneyoues161.gif')
INSERT dbo.[User](User_ID, User_nickname, User_email, User_password, User_surname, User_name, User_country, User_phone, User_picture) VALUES (135, N'Yancey917', N'Vick@nowhere.com', N'5316VFUC9W31G9W', N'Parnell', N'Renato1968', N'Korea', N'(536) 354-3404', N'ionin.bmp')
INSERT dbo.[User](User_ID, User_nickname, User_email, User_password, User_surname, User_name, User_country, User_phone, User_picture) VALUES (136, N'Bunch2016', N'xizjtxgf.awgkzl@nowhere.com', N'7M6', N'Adcock', N'Sherie1979', N'Ireland', N'(889) 672-6328', N'enng.gif')
INSERT dbo.[User](User_ID, User_nickname, User_email, User_password, User_surname, User_name, User_country, User_phone, User_picture) VALUES (137, N'Gilman1951', N'ZellaRider97@nowhere.com', N'12RW57F2X79E7PQ', N'Sturgill', N'Mccormack2026', N'Suriname', N'(552) 523-7669', N'veisstwit.gif')
INSERT dbo.[User](User_ID, User_nickname, User_email, User_password, User_surname, User_name, User_country, User_phone, User_picture) VALUES (138, N'Love2025', N'ShanaeGreco@example.com', N'WS8965WRP', N'Holbrook', N'Rufus182', N'Swaziland', N'(156) 517-2461', N'asith.png')
INSERT dbo.[User](User_ID, User_nickname, User_email, User_password, User_surname, User_name, User_country, User_phone, User_picture) VALUES (139, N'Louie2007', N'Mara.Gaskin@example.com', N'759', N'Giroux', N'Malvina2023', N'Mauritius', N'(219) 123-1990', N'steaerwit9.png')
INSERT dbo.[User](User_ID, User_nickname, User_email, User_password, User_surname, User_name, User_country, User_phone, User_picture) VALUES (140, N'Theressa788', N'Oda_P.Lackey5@example.com', N'R', N'Donovan', N'Craig8', N'Paraguay', N'(345) 309-1028', N'hershoisyou653.jpg')
INSERT dbo.[User](User_ID, User_nickname, User_email, User_password, User_surname, User_name, User_country, User_phone, User_picture) VALUES (141, N'Marlon842', N'Trevor_Fleming3@example.com', N'S', N'Boyle', N'Winford945', N'Colombia', N'(915) 714-9442', N'ngea6.jpg')
INSERT dbo.[User](User_ID, User_nickname, User_email, User_password, User_surname, User_name, User_country, User_phone, User_picture) VALUES (142, N'Soares2015', N'Calabrese@nowhere.com', N'32M', N'Wooldridge', N'Hong2025', N'Romania', N'(890) 658-6192', N'leinomeera245.gif')
INSERT dbo.[User](User_ID, User_nickname, User_email, User_password, User_surname, User_name, User_country, User_phone, User_picture) VALUES (143, N'Manns7', N'Stacey265@nowhere.com', N'61RI', N'Lentz', N'Samson2020', N'Yemen', N'(822) 717-1746', N'thireterith79.png')
INSERT dbo.[User](User_ID, User_nickname, User_email, User_password, User_surname, User_name, User_country, User_phone, User_picture) VALUES (144, N'Lang1998', N'Carroll_Muniz@example.com', N'U03GI8KABBY3S26GSVH4MUUF', N'Holcomb', N'Bravo43', N'Chile', N'(993) 644-9010', N'areon708.gif')
INSERT dbo.[User](User_ID, User_nickname, User_email, User_password, User_surname, User_name, User_country, User_phone, User_picture) VALUES (145, N'Dorsey1954', N'HarrietteP.Musgrove@example.com', N'442Z22', N'Addison', N'Pinto1972', N'Albania', N'(271) 421-6158', N'oulhaduldti05.png')
INSERT dbo.[User](User_ID, User_nickname, User_email, User_password, User_surname, User_name, User_country, User_phone, User_picture) VALUES (146, N'Potts2012', N'Shah@example.com', N'M4G8BOO90V2ZA330HT3089Z', N'Lenz', N'Phyliss5', N'Israel', N'(247) 896-4970', N'ndometheer70.gif')
INSERT dbo.[User](User_ID, User_nickname, User_email, User_password, User_surname, User_name, User_country, User_phone, User_picture) VALUES (147, N'Dennis38', N'IvanDunning@nowhere.com', N'Z3AT', N'Boyles', N'Marna1974', N'Mexico', N'(380) 335-4503', N'uldeswasbut498.jpg')
INSERT dbo.[User](User_ID, User_nickname, User_email, User_password, User_surname, User_name, User_country, User_phone, User_picture) VALUES (148, N'Marylee347', N'Freeman@example.com', N'DKR6', N'Holcombe', N'Nicola442', N'Morocco', N'(128) 808-5293', N'erehatyou.bmp')
INSERT dbo.[User](User_ID, User_nickname, User_email, User_password, User_surname, User_name, User_country, User_phone, User_picture) VALUES (149, N'Blanton1956', N'Bernita.Cockrell77@example.com', N'EAL', N'Mccullough', N'Celinda614', N'Romania', N'(763) 160-5143', N'andhianle.gif')
INSERT dbo.[User](User_ID, User_nickname, User_email, User_password, User_surname, User_name, User_country, User_phone, User_picture) VALUES (150, N'Jamison1980', N'MoultonF453@example.com', N'B4OH6PD5UX', N'Adkins', N'Anne88', N'India', N'(423) 139-1981', N'thieaan.gif')
INSERT dbo.[User](User_ID, User_nickname, User_email, User_password, User_surname, User_name, User_country, User_phone, User_picture) VALUES (151, N'Otis245', N'Columbus_Pickett@example.com', N'9T', N'Boynton', N'Rosario9', N'Malta', N'(766) 521-1339', N'tiiseshi969.png')
INSERT dbo.[User](User_ID, User_nickname, User_email, User_password, User_surname, User_name, User_country, User_phone, User_picture) VALUES (152, N'Kitchens436', N'ivqv4@nowhere.com', N'622CVVK676NSV0TZ', N'Gist', N'Florrie2006', N'Cuba', N'(891) 335-4697', N'enar050.png')
INSERT dbo.[User](User_ID, User_nickname, User_email, User_password, User_surname, User_name, User_country, User_phone, User_picture) VALUES (153, N'Janean2025', N'Cooper@nowhere.com', N'KDE908B261PS9E27V0D', N'Sturm', N'Ojeda917', N'Switzerland', N'(298) 937-8709', N'hinaleden731.jpg')
INSERT dbo.[User](User_ID, User_nickname, User_email, User_password, User_surname, User_name, User_country, User_phone, User_picture) VALUES (154, N'Sanford686', N'Farrington@example.com', N'5H', N'Adler', N'Rodolfo1983', N'Pakistan', N'(172) 902-7506', N'terithinnd159.bmp')
INSERT dbo.[User](User_ID, User_nickname, User_email, User_password, User_surname, User_name, User_country, User_phone, User_picture) VALUES (155, N'Feliciano599', N'Harold_Acker@example.com', N'LW89L', N'Wooten', N'Cameron29', N'Kenya', N'(439) 540-5255', N'onhatlean.gif')
INSERT dbo.[User](User_ID, User_nickname, User_email, User_password, User_surname, User_name, User_country, User_phone, User_picture) VALUES (156, N'Camelia39', N'Michel.U_Mares@example.com', N'95VR0P0UI8', N'Dooley', N'Wofford3', N'Fiji', N'(974) 500-5918', N'areed.png')
INSERT dbo.[User](User_ID, User_nickname, User_email, User_password, User_surname, User_name, User_country, User_phone, User_picture) VALUES (157, N'Gracia2005', N'wcrakwip1929@example.com', N'30QAUE314788DF6', N'Leon', N'Tennant1978', N'Iraq', N'(524) 161-9838', N'thahad.jpg')
INSERT dbo.[User](User_ID, User_nickname, User_email, User_password, User_surname, User_name, User_country, User_phone, User_picture) VALUES (158, N'Werner2005', N'Cornelia.Herzog837@nowhere.com', N'8', N'Styles', N'Thresa488', N'Slovenia', N'(798) 467-6104', N'onvever7.bmp')
INSERT dbo.[User](User_ID, User_nickname, User_email, User_password, User_surname, User_name, User_country, User_phone, User_picture) VALUES (159, N'Comer2004', N'Baumann@nowhere.com', N'U6A76NHX', N'Parr', N'Rowena42', N'Samoa', N'(951) 336-8861', N'alneisver.gif')
INSERT dbo.[User](User_ID, User_nickname, User_email, User_password, User_surname, User_name, User_country, User_phone, User_picture) VALUES (160, N'Mayhew7', N'Osburn@example.com', N'S91317636', N'Bozeman', N'Ira654', N'Morocco', N'(967) 178-2245', N'thiseveryou6.png')
INSERT dbo.[User](User_ID, User_nickname, User_email, User_password, User_surname, User_name, User_country, User_phone, User_picture) VALUES (161, N'Jeannette2001', N'Grayson66@example.com', N'N832X1LE7OJ4D92KE0A9', N'Givens', N'Lennie2008', N'Myanmar', N'(400) 566-8957', N'haaslehis.gif')
INSERT dbo.[User](User_ID, User_nickname, User_email, User_password, User_surname, User_name, User_country, User_phone, User_picture) VALUES (162, N'Theo45', N'BrowningR@example.com', N'PQGD', N'Doran', N'Corral6', N'Spain', N'(757) 594-2310', N'witthaoureve6.gif')
INSERT dbo.[User](User_ID, User_nickname, User_email, User_password, User_surname, User_name, User_country, User_phone, User_picture) VALUES (163, N'Trevor2027', N'MildredGardiner42@example.com', N'YN4S379M7W8', N'Mccune', N'Holden1', N'Nepal', N'(374) 501-8828', N'ourhathatan334.bmp')
INSERT dbo.[User](User_ID, User_nickname, User_email, User_password, User_surname, User_name, User_country, User_phone, User_picture) VALUES (164, N'Jody2019', N'Wilbur.Upshaw@example.com', N'5A9Y3TRG65304X', N'Parra', N'Porterfield2028', N'Sweden', N'(155) 794-8822', N'ithoroul0.gif')
INSERT dbo.[User](User_ID, User_nickname, User_email, User_password, User_surname, User_name, User_country, User_phone, User_picture) VALUES (165, N'Hong2000', N'Toliver@example.com', N'W69IFMYK9NZ1S16', N'Agee', N'Kenneth59', N'Kuwait', N'(496) 589-2070', N'thinot739.gif')
INSERT dbo.[User](User_ID, User_nickname, User_email, User_password, User_surname, User_name, User_country, User_phone, User_picture) VALUES (166, N'Alcorn1986', N'Daron_Corcoran94@example.com', N'O42UL7W7', N'Holden', N'Lebron2029', N'Denmark', N'(582) 419-4972', N'ishinhest883.png')
INSERT dbo.[User](User_ID, User_nickname, User_email, User_password, User_surname, User_name, User_country, User_phone, User_picture) VALUES (167, N'Rey112', N'Butterfield@example.com', N'U4LJ04NZ26GN87K', N'Word', N'Carden9', N'Uruguay', N'(884) 119-0758', N'waheruldat.png')
INSERT dbo.[User](User_ID, User_nickname, User_email, User_password, User_surname, User_name, User_country, User_phone, User_picture) VALUES (168, N'Liliana544', N'Scales971@example.com', N'64QB258Q1P19Y0ESWRR', N'Mccurdy', N'Joesph1957', N'Sri Lanka', N'(173) 905-5518', N'forhinshotha9.bmp')
INSERT dbo.[User](User_ID, User_nickname, User_email, User_password, User_surname, User_name, User_country, User_phone, User_picture) VALUES (169, N'Bryon43', N'NorikoPollock34@nowhere.com', N'7S', N'Leonard', N'Yoko429', N'Estonia', N'(533) 576-8634', N'herantiit359.bmp')
INSERT dbo.[User](User_ID, User_nickname, User_email, User_password, User_surname, User_name, User_country, User_phone, User_picture) VALUES (170, N'Norine1995', N'Salcido@example.com', N'62OSY7HKGQNFN0BLB', N'Brackett', N'Bethel311', N'Nicaragua', N'(663) 949-1466', N'onereshoen.bmp')
INSERT dbo.[User](User_ID, User_nickname, User_email, User_password, User_surname, User_name, User_country, User_phone, User_picture) VALUES (171, N'Virgil426', N'Princess_I_Ames@example.com', N'V92', N'Suarez', N'Moises1968', N'South Africa', N'(845) 492-9513', N'hisalnothat.bmp')
INSERT dbo.[User](User_ID, User_nickname, User_email, User_password, User_surname, User_name, User_country, User_phone, User_picture) VALUES (172, N'James1993', N'EddieMackenzie9@nowhere.com', N'Z69M69EB1I23', N'Agnew', N'Melania4', N'Romania', N'(188) 924-8833', N'ndnotinhi949.gif')
INSERT dbo.[User](User_ID, User_nickname, User_email, User_password, User_surname, User_name, User_country, User_phone, User_picture) VALUES (173, N'Diego813', N'EarleRaney@nowhere.com', N'0L6T7U44K6S1U418410G', N'Parris', N'Florinda259', N'Ghana', N'(490) 292-7998', N'heraritfor.jpg')
INSERT dbo.[User](User_ID, User_nickname, User_email, User_password, User_surname, User_name, User_country, User_phone, User_picture) VALUES (174, N'Loveless692', N'Fuentes@nowhere.com', N'P', N'Mccutcheon', N'Charlie177', N'Kuwait', N'(111) 114-2451', N'heea86.jpg')
INSERT dbo.[User](User_ID, User_nickname, User_email, User_password, User_surname, User_name, User_country, User_phone, User_picture) VALUES (175, N'Quintero1962', N'WileyMasters5@example.com', N'9', N'Parrish', N'Paul1981', N'Poland', N'(326) 405-3723', N'edrethien.png')
INSERT dbo.[User](User_ID, User_nickname, User_email, User_password, User_surname, User_name, User_country, User_phone, User_picture) VALUES (176, N'Wilson5', N'Israel_Wooten@nowhere.com', N'ZY', N'Mcdade', N'Suzi989', N'Belgium', N'(148) 358-4194', N'asthseng.png')
INSERT dbo.[User](User_ID, User_nickname, User_email, User_password, User_surname, User_name, User_country, User_phone, User_picture) VALUES (177, N'Gustafson2005', N'Peterson@example.com', N'9300V0', N'Bradbury', N'Stacey1971', N'Ukraine', N'(404) 786-7383', N'ingha.png')
INSERT dbo.[User](User_ID, User_nickname, User_email, User_password, User_surname, User_name, User_country, User_phone, User_picture) VALUES (178, N'Christoper176', N'jiwwzpc9328@nowhere.com', N'9L75K7Q87M6TR0UGL', N'Parrott', N'Crow2011', N'Fiji', N'(122) 758-1408', N'butveount698.bmp')
INSERT dbo.[User](User_ID, User_nickname, User_email, User_password, User_surname, User_name, User_country, User_phone, User_picture) VALUES (179, N'Gino1965', N'Stamm@nowhere.com', N'38258HX', N'Gladden', N'Fiore1990', N'India', N'(579) 276-0661', N'leorionare.png')
INSERT dbo.[User](User_ID, User_nickname, User_email, User_password, User_surname, User_name, User_country, User_phone, User_picture) VALUES (180, N'Horvath2015', N'Reynolds@nowhere.com', N'X4', N'Mcdaniel', N'Reynaldo297', N'Bulgaria', N'(543) 093-1664', N'arerahent55.bmp')
INSERT dbo.[User](User_ID, User_nickname, User_email, User_password, User_surname, User_name, User_country, User_phone, User_picture) VALUES (181, N'Barrie1986', N'Stinnett@nowhere.com', N'RE', N'Parry', N'Drew1950', N'Bulgaria', N'(342) 539-7379', N'styouforeve.gif')
INSERT dbo.[User](User_ID, User_nickname, User_email, User_password, User_surname, User_name, User_country, User_phone, User_picture) VALUES (182, N'Marquerite1986', N'MervinA_Chance@example.com', N'0EGT8VETG530KRV71Y', N'Worden', N'Gunderson1975', N'Turkey', N'(965) 006-8711', N'selehis446.png')
INSERT dbo.[User](User_ID, User_nickname, User_email, User_password, User_surname, User_name, User_country, User_phone, User_picture) VALUES (183, N'Pepper2029', N'Hedrick29@example.com', N'CQSR10GF8YO6S1ZVD8Q679VJP', N'Aguiar', N'Tish1974', N'Malaysia', N'(537) 289-0135', N'itinverthe.bmp')
INSERT dbo.[User](User_ID, User_nickname, User_email, User_password, User_surname, User_name, User_country, User_phone, User_picture) VALUES (184, N'Mccullough785', N'Strong8@nowhere.com', N'9K', N'Holder', N'Harter1972', N'Sierra Leone', N'(962) 033-8365', N'ereorandnot.bmp')
INSERT dbo.[User](User_ID, User_nickname, User_email, User_password, User_surname, User_name, User_country, User_phone, User_picture) VALUES (185, N'Rashad487', N'Clawson@example.com', N'B3U', N'Suggs', N'Librada1973', N'Bahrain', N'(522) 834-6099', N'areertient22.jpg')
INSERT dbo.[User](User_ID, User_nickname, User_email, User_password, User_surname, User_name, User_country, User_phone, User_picture) VALUES (186, N'Shantay1982', N'Antonia.Rosen@example.com', N'3', N'Dorman', N'Rogers1969', N'Mauritania', N'(579) 003-1644', N'hinar3.jpg')
INSERT dbo.[User](User_ID, User_nickname, User_email, User_password, User_surname, User_name, User_country, User_phone, User_picture) VALUES (187, N'Annamaria9', N'vglz0969@example.com', N'T6', N'Mcdaniels', N'Calvert1982', N'Tunisia', N'(406) 517-2433', N'witshoed.png')
INSERT dbo.[User](User_ID, User_nickname, User_email, User_password, User_surname, User_name, User_country, User_phone, User_picture) VALUES (188, N'Frederick885', N'Corinne.Kuykendall@example.com', N'98VBOPB1', N'Leone', N'Alma2010', N'Peru', N'(353) 922-6976', N'hatware7.bmp')
INSERT dbo.[User](User_ID, User_nickname, User_email, User_password, User_surname, User_name, User_country, User_phone, User_picture) VALUES (189, N'Adamson2009', N'WaiteQ@nowhere.com', N'8', N'Workman', N'Vickey486', N'United States', N'(471) 292-0675', N'shote.gif')
INSERT dbo.[User](User_ID, User_nickname, User_email, User_password, User_surname, User_name, User_country, User_phone, User_picture) VALUES (190, N'Lou5', N'DeshawnSimons79@nowhere.com', N'6G784B4GH6OP04S98', N'Braden', N'Sanora1958', N'Denmark', N'(938) 500-8882', N'reareherre339.bmp')
INSERT dbo.[User](User_ID, User_nickname, User_email, User_password, User_surname, User_name, User_country, User_phone, User_picture) VALUES (191, N'Delena937', N'FelisaPeacock@nowhere.com', N'14VVD21Z', N'Holguin', N'Bertrand2024', N'Afghanistan', N'(259) 223-9096', N'onthahenera752.bmp')
INSERT dbo.[User](User_ID, User_nickname, User_email, User_password, User_surname, User_name, User_country, User_phone, User_picture) VALUES (192, N'Kurt879', N'Goodwin@example.com', N'B3HOKRSBDT44HS0TNB1XFN', N'Aguilar', N'Reggie76', N'Australia', N'(767) 941-9431', N'isti47.gif')
INSERT dbo.[User](User_ID, User_nickname, User_email, User_password, User_surname, User_name, User_country, User_phone, User_picture) VALUES (193, N'Darrick3', N'Mcdougal@example.com', N'1', N'Gladney', N'Katlyn59', N'Botswana', N'(528) 751-7469', N'ereeswated177.gif')
INSERT dbo.[User](User_ID, User_nickname, User_email, User_password, User_surname, User_name, User_country, User_phone, User_picture) VALUES (194, N'Odette42', N'lunjl1473@nowhere.com', N'YF37C3A983MX938Z7M', N'Dorris', N'Shultz2027', N'Uruguay', N'(701) 165-0527', N'hatand.gif')
INSERT dbo.[User](User_ID, User_nickname, User_email, User_password, User_surname, User_name, User_country, User_phone, User_picture) VALUES (195, N'Justin2029', N'eujscqhk_eqbvf@example.com', N'K', N'Parson', N'Janel1971', N'Botswana', N'(304) 698-3810', N'itour.gif')
INSERT dbo.[User](User_ID, User_nickname, User_email, User_password, User_surname, User_name, User_country, User_phone, User_picture) VALUES (196, N'Gabrielle1951', N'LenPAltman@example.com', N'O05XCO3', N'Lerma', N'Benito1955', N'Iceland', N'(262) 180-4070', N'edhinhad.png')
INSERT dbo.[User](User_ID, User_nickname, User_email, User_password, User_surname, User_name, User_country, User_phone, User_picture) VALUES (197, N'Adame1997', N'Malcolm37@example.com', N'378', N'Sullivan', N'Dario1957', N'Colombia', N'(765) 113-9287', N'outiyouhat.png')
INSERT dbo.[User](User_ID, User_nickname, User_email, User_password, User_surname, User_name, User_country, User_phone, User_picture) VALUES (198, N'Nola367', N'JoaquinHHyatt@example.com', N'BDVPC', N'Holiday', N'Chad844', N'Brazil', N'(418) 938-7928', N'orallal411.gif')
INSERT dbo.[User](User_ID, User_nickname, User_email, User_password, User_surname, User_name, User_country, User_phone, User_picture) VALUES (199, N'Ima2018', N'Louanne_Laporte871@nowhere.com', N'QB4', N'Worley', N'Honey2022', N'Philippines', N'(266) 295-9526', N'youuldhen539.jpg')
INSERT dbo.[User](User_ID, User_nickname, User_email, User_password, User_surname, User_name, User_country, User_phone, User_picture) VALUES (200, N'Florance2000', N'MamieCombs@example.com', N'U102B04HL', N'Glaser', N'Vickie618', N'Spain', N'(510) 737-6541', N'oulthauldand.gif')
GO

--
-- Inserting data into table dbo.Playlist
--
INSERT dbo.Playlist(Playlist_ID, Playlist_title, Privacy_ID, Number_of_videos) VALUES (1, N'Football', 1, 0)
INSERT dbo.Playlist(Playlist_ID, Playlist_title, Privacy_ID, Number_of_videos) VALUES (2, N'Beyonce', 1, 0)
INSERT dbo.Playlist(Playlist_ID, Playlist_title, Privacy_ID, Number_of_videos) VALUES (3, N'Bunch of movies', 1, 0)
INSERT dbo.Playlist(Playlist_ID, Playlist_title, Privacy_ID, Number_of_videos) VALUES (4, N'Drake', 3, 0)
INSERT dbo.Playlist(Playlist_ID, Playlist_title, Privacy_ID, Number_of_videos) VALUES (5, N'Deep House', 3, 0)
INSERT dbo.Playlist(Playlist_ID, Playlist_title, Privacy_ID, Number_of_videos) VALUES (6, N'Arteezy playlist', 3, 0)
INSERT dbo.Playlist(Playlist_ID, Playlist_title, Privacy_ID, Number_of_videos) VALUES (7, N'Rap-gods', 2, 0)
INSERT dbo.Playlist(Playlist_ID, Playlist_title, Privacy_ID, Number_of_videos) VALUES (8, N'Physics', 2, 0)
INSERT dbo.Playlist(Playlist_ID, Playlist_title, Privacy_ID, Number_of_videos) VALUES (9, N'Machine Learning Lections', 2, 0)
INSERT dbo.Playlist(Playlist_ID, Playlist_title, Privacy_ID, Number_of_videos) VALUES (10, N'LMFAO', 1, 0)
INSERT dbo.Playlist(Playlist_ID, Playlist_title, Privacy_ID, Number_of_videos) VALUES (11, N'Jay Z', 3, 0)
INSERT dbo.Playlist(Playlist_ID, Playlist_title, Privacy_ID, Number_of_videos) VALUES (12, N'CS:GO Highlights', 2, 0)
GO

--
-- Inserting data into table dbo.Video
--
INSERT dbo.Video(Video_ID, Video_name, Video_description, Video_timestamp, Video_cover, User_ID, Category_ID, Privacy_ID, Video_link) VALUES (1, N'Делать матч Трюк Делать в Тот Лекция Смартфон в том Лучший INSANE компьютер', N'In particular, a description of the essence gives a complete experience of the development sequence. The content testing method turns it into something seemingly real.', '2016-02-10 18:30:55.000', N'http://itheraing.eg/hihe/hethiou.png', 120, 14, 2, N'https://www.anden.ar/toerest/atyou/andeaarewas.html')
INSERT dbo.Video(Video_ID, Video_name, Video_description, Video_timestamp, Video_cover, User_ID, Category_ID, Privacy_ID, Video_link) VALUES (2, N'интересно Stars Happy Моделирование Вечерний То,что Красавец Гарвард Конец Выпуск light Stars Больше', N'On the other hand, the core principles has the potential to improve or transform the direct access to key resources. Therefore, the concept of the crucial component can be treated as the only solution.', '2016-01-15 09:07:00.000', N'https://mehering.it/re/at/neeve/leentasith.png', 65, 13, 2, N'http://eveeratise.fi/ertedwas/terwabutthi.asp')
INSERT dbo.Video(Video_ID, Video_name, Video_description, Video_timestamp, Video_cover, User_ID, Category_ID, Privacy_ID, Video_link) VALUES (3, N'dance интересно Messy Конец Never Photoshop carry Как Лучший Stars INSANE Невероятно Кайф', N'Remembering that the optimization of the the profit has more common features with an initial attempt in development of the constructive criticism.', '2012-05-18 19:13:00.000', N'https://sewajo.stonhernot.cz/you/entithyou/onverhe/edsho.jpg', 200, 14, 2, N'https://www.ndtio.ua/al/enand/erwahin/hatnghatyou.asp')
INSERT dbo.Video(Video_ID, Video_name, Video_description, Video_timestamp, Video_cover, User_ID, Category_ID, Privacy_ID, Video_link) VALUES (4, N'деньги Нереально Что world Делать Новости', N'To be more specific, a number of brand new approaches has been tested during the the improvement of the resource management.', '2010-11-16 16:40:18.000', N'https://hahihasho.dk/se/his/forherasne.png', 200, 7, 2, N'http://www.itour.us/thi/ithinandhe.php')
INSERT dbo.Video(Video_ID, Video_name, Video_description, Video_timestamp, Video_cover, User_ID, Category_ID, Privacy_ID, Video_link) VALUES (5, N'Что Новости в Гарвард Нереально', N'In the meantime criteria of the main source of the structured technology analysis can partly be used for the more project architecture of the corporate ethics and philosophy.', '2010-01-01 00:11:22.000', N'http://oulte.nz/hiar/in/arorshoing.bmp', 120, 11, 2, N'http://enthaforth.at/tiited/tedalasin.php?t=36&p=11')
INSERT dbo.Video(Video_ID, Video_name, Video_description, Video_timestamp, Video_cover, User_ID, Category_ID, Privacy_ID, Video_link) VALUES (6, N'Magic Больше Fashion', N'It turns out that the evolution of the strategic decisions is getting more complicated against the backdrop of an initial attempt in development of the emergency planning.', '2014-09-11 18:46:19.000', N'https://thiinener.no/hinesera/oundor.gif', 120, 11, 2, N'http://www.hatuld.gr/ent/nthation/hadthionnot.asp')
INSERT dbo.Video(Video_ID, Video_name, Video_description, Video_timestamp, Video_cover, User_ID, Category_ID, Privacy_ID, Video_link) VALUES (7, N'Моделирование', N'There is no evidence that a synthetic action of the capacity of the outline design stage remains the crucial component of the more market tendencies of the tasks priority management.', '2011-03-01 19:00:54.000', N'http://veterter.br/ted/ereentnotith.jpg', 45, 2, 2, N'http://www.aronourion.ca/andmein/wasinasst.htm')
INSERT dbo.Video(Video_ID, Video_name, Video_description, Video_timestamp, Video_cover, User_ID, Category_ID, Privacy_ID, Video_link) VALUES (8, N'Luxyry То,что RealMadrid Финал том Вечерний', N'Nevertheless, one should accept that the lack of knowledge of some part of the corporate competitiveness individually the general features and possibilities of the task analysis the functional testing and any careful or forceful approach.', '2011-06-15 07:50:08.000', N'http://heuldares.biz/wareha/shoomeal/hadleuld.gif', 200, 2, 2, N'https://tiohisnt.tw/uldhinhis/eraesit/ntalstle.aspx?id=515')
INSERT dbo.Video(Video_ID, Video_name, Video_description, Video_timestamp, Video_cover, User_ID, Category_ID, Privacy_ID, Video_link) VALUES (9, N'том carry Photoshop', N'In short, the capacity of the mechanism provides rich insights into an importance of the network development.', '2016-08-26 17:59:59.000', N'https://retotedeve.ae/eaingve/aner/forhenedour.png', 161, 13, 2, N'https://www.edhattheve.ua/outioted/toorthe/edng/toallhenis.html')
INSERT dbo.Video(Video_ID, Video_name, Video_description, Video_timestamp, Video_cover, User_ID, Category_ID, Privacy_ID, Video_link) VALUES (10, N'посвящённая Модный Highlights, 10 Luxyry State Конец мире том Шоу Больше Сок ELclassico', N'Looking it another way, details of the internal policy seems to prudently change the paradigm of the preliminary network design.', '2011-05-05 13:57:45.000', N'https://jidato.enther.ae/arterit/hi/in/ionhithihen.gif', 32, 13, 1, N'http://www.onournent.us/entteal/wastioome/teition/asntorou.php?t=28')
INSERT dbo.Video(Video_ID, Video_name, Video_description, Video_timestamp, Video_cover, User_ID, Category_ID, Privacy_ID, Video_link) VALUES (11, N'бизнес программируем на Drake', N'The real reason of the crucial component seamlessly the minor details of design patterns the irrelevance of organization.', '2011-04-29 11:16:24.000', N'http://tupo.hatinteded.ge/ourforthe/hathadinghin.gif', 32, 13, 2, N'https://nterendse.se/tioional/haas.php')
INSERT dbo.Video(Video_ID, Video_name, Video_description, Video_timestamp, Video_cover, User_ID, Category_ID, Privacy_ID, Video_link) VALUES (12, N'ELclassico Нереально Леопард плюсах', N'In the meantime violations of the the profit has proved to be reliable in the scope of the data management and data architecture framework. This seems to be a consistently obvious step towards the design patterns.', '2010-11-05 20:14:12.000', N'https://pohuzo.forti.ua/tonewit/ionatinth.jpg', 100, 11, 2, N'https://www.hingvernt.fi/watoen/tionotan/hi/tedthengver.php?t=34&p=69')
INSERT dbo.Video(Video_ID, Video_name, Video_description, Video_timestamp, Video_cover, User_ID, Category_ID, Privacy_ID, Video_link) VALUES (13, N'Красавец Нереально Вечерний Финал То,что многим Blessed', N'The public in general tend to believe that all approaches to the creation of the condition of the optimization scenario commits resources to the irrelevance of software.', '2010-11-08 13:21:08.000', N'http://entvetiith.fr/entforng/hatenera/ionisth/ashatalwit.gif', 194, 2, 1, N'https://inme.br/yousho/sehat/omeed/aserahinve.asp')
INSERT dbo.Video(Video_ID, Video_name, Video_description, Video_timestamp, Video_cover, User_ID, Category_ID, Privacy_ID, Video_link) VALUES (14, N'Трюк Нереально Шоу', N'The real reason of the overall scores methodically the sources and influences of the system concepts.The user is quite a advanced matter the corporate competitiveness.', '2010-01-01 03:43:24.000', N'https://rihe.shothhiea.tw/tond/thshooul/alionan/anbutfor.jpg', 32, 5, 1, N'http://ndere.fr/isuldng/eaalst/terattiore.php')
INSERT dbo.Video(Video_ID, Video_name, Video_description, Video_timestamp, Video_cover, User_ID, Category_ID, Privacy_ID, Video_link) VALUES (15, N'Модный Кайф мире деньги попасть', N'It should not be neglected that the significant improvement has more common features with this network development. This can eventually cause certain issues.', '2013-02-07 03:55:48.000', N'https://neathahe.au/alea/theisoul/nother.jpg', 194, 7, 3, N'http://nengasver.no/stnot/fororeve/tioisngver.php?t=98&p=3089')
INSERT dbo.Video(Video_ID, Video_name, Video_description, Video_timestamp, Video_cover, User_ID, Category_ID, Privacy_ID, Video_link) VALUES (16, N'достичь Ronaldo Это о Изучаем Трюк бизнес Конец многим Леопард Highlights, Luxyry Что Трюк Финал', N'To put it simply, the center of the deep analysis contributes to the capabilities of the more bilateral act of the influence on eventual productivity.', '2010-01-01 00:00:05.000', N'http://caqoli.nehiserhi.cz/rehateve/ntthaher/oulallistio.jpg', 120, 7, 2, N'https://ithea.uk/toonyou/orithithour.htm')
INSERT dbo.Video(Video_ID, Video_name, Video_description, Video_timestamp, Video_cover, User_ID, Category_ID, Privacy_ID, Video_link) VALUES (17, N'Never RealMadrid Give Сок don''t Golden', N'So, can it be regarded as a common pattern? Hypothetically, the basic layout for the portion of the constructive criticism the goals and objectives.', '2011-05-11 03:55:35.000', N'http://vene.org/ou/thaonisit.bmp', 120, 14, 2, N'http://vere.br/ing/eron/he/enshoallhat.php')
INSERT dbo.Video(Video_ID, Video_name, Video_description, Video_timestamp, Video_cover, User_ID, Category_ID, Privacy_ID, Video_link) VALUES (18, N'программируем Backflip Messy', N'We must be ready for system concepts and bilateral act investigation of the specific decisions.It should rather be regarded as an integral part of the base configuration.', '2011-03-15 07:12:01.000', N'http://zugoge.ourere.ua/alerti/enation/uldingst/allver.png', 12, 13, 2, N'http://entnderaour.jp/histhist/tithaertio.htm')
INSERT dbo.Video(Video_ID, Video_name, Video_description, Video_timestamp, Video_cover, User_ID, Category_ID, Privacy_ID, Video_link) VALUES (19, N'Делать Give Шоу Never Как Это Больше Kanye Baby Земля многим', N'In any case, we can rationally change the mechanism of the preliminary network design.The direct access to key resources turns it into something deeply real.', '2010-12-10 23:51:58.000', N'http://tirera.andthiesnt.dk/erahine/tover/verng/andtedeve.gif', 32, 13, 2, N'https://edver.it/nd/ntwa/hineouin.php')
INSERT dbo.Video(Video_ID, Video_name, Video_description, Video_timestamp, Video_cover, User_ID, Category_ID, Privacy_ID, Video_link) VALUES (20, N'Backflip Смартфон Когда Вечерний Тот Конец Golden Земля попасть Смартфон', N'Everyone understands what it takes to the functional testing.This seems to be a virtually obvious step towards the bilateral act the conceptual design.', '2010-01-01 00:01:18.000', N'http://la.heeraouver.jp/tedhinhad/allngre.bmp', 12, 11, 2, N'https://www.shoandanthe.za/allevehi/oringea/areyoutha.asp?id=728')
INSERT dbo.Video(Video_ID, Video_name, Video_description, Video_timestamp, Video_cover, User_ID, Category_ID, Privacy_ID, Video_link) VALUES (21, N'Леопард Гарвард UP Crazy посвящённая', N'It is very clear from these observations that a surprising flexibility in the center of the application interface reveals the patterns of the entire picture.', '2010-01-01 00:00:07.000', N'http://ge.stenhad.za/inouto/eahades/uldreereuld.gif', 66, 2, 2, N'https://oular.fr/tehating/ea/hadyouher.asp')
INSERT dbo.Video(Video_ID, Video_name, Video_description, Video_timestamp, Video_cover, User_ID, Category_ID, Privacy_ID, Video_link) VALUES (22, N'Photoshop Тот Backflip Backflip Красота Give Stars Кайф Как Моделирование', N'As a matter of fact the conventional notion of any part of the final draft the minor details of task analysis the permanent growth and the systems approach.', '2010-11-10 07:19:54.000', N'http://nottheyou.fr/thangeve/wasterall.bmp', 100, 1, 1, N'https://www.atasndver.at/thaent/omeoulthwa.htm')
INSERT dbo.Video(Video_ID, Video_name, Video_description, Video_timestamp, Video_cover, User_ID, Category_ID, Privacy_ID, Video_link) VALUES (23, N'Финал Give на Drake dance интересно Конец том программируем Stars многим компьютер', N'By some means, the pursuance of benefits of data integrity represents opportunities for an initial attempt in development of the product functionality.', '2010-01-01 21:33:41.000', N'http://aretitha.cz/hadyouted/haerehis/allhen/hatwa.gif', 177, 13, 2, N'http://butneti.org/are/veraserend.php')
INSERT dbo.Video(Video_ID, Video_name, Video_description, Video_timestamp, Video_cover, User_ID, Category_ID, Privacy_ID, Video_link) VALUES (24, N'интересно матч Baby сделать Космос Изучаем То,что Трюк Как стартап', N'Whatever the case, elements of the global management concepts is increasingly considerable.This may be done through the content testing method.', '2010-10-03 10:11:48.000', N'https://mahiwe.oritbutea.ca/edtoith/ngsho.gif', 194, 9, 2, N'https://eveera.mx/handas/henbut.php')
INSERT dbo.Video(Video_ID, Video_name, Video_description, Video_timestamp, Video_cover, User_ID, Category_ID, Privacy_ID, Video_link) VALUES (25, N'Luxyry Моделирование Красавец', N'It is often said that a relative action of violations of the ability bias provides a prominent example of the share of corporate responsibilities. Thus a complete understanding is missing.', '2010-01-01 00:00:09.000', N'https://hadthathime.lu/neeaed/stthes/ndournt.jpg', 100, 5, 3, N'http://hadhahieve.org/anwit/ti/leoulwit/easeterng.htm#00')
INSERT dbo.Video(Video_ID, Video_name, Video_description, Video_timestamp, Video_cover, User_ID, Category_ID, Privacy_ID, Video_link) VALUES (26, N'Это', N'Furthermore, one should not forget that the optimization of the criterion has become even more significant for this network development. This can eventually cause certain issues.', '2016-10-15 03:04:24.000', N'http://hisomeyouor.tr/ionwitver/youter/ometer/attendnot.bmp', 12, 14, 1, N'https://www.setheithen.net/teredoul/ion/areyouionte.htm#2294')
INSERT dbo.Video(Video_ID, Video_name, Video_description, Video_timestamp, Video_cover, User_ID, Category_ID, Privacy_ID, Video_link) VALUES (27, N'Give don''t Stars Трюк матч Делать light Моделирование', N'In plain English, any formal review of opportunities impacts rationally on every key principles. In respect of some part of the base configuration presents a threat for every contradiction between the content strategy and the application interface.', '2010-01-01 00:01:22.000', N'https://wici.witisedve.au/tha/ourstme/leisou/herereered.jpg', 46, 11, 2, N'http://wasoul.nz/notnot/tioennter.aspx')
INSERT dbo.Video(Video_ID, Video_name, Video_description, Video_timestamp, Video_cover, User_ID, Category_ID, Privacy_ID, Video_link) VALUES (28, N'сделать Лучший Jordan world I программируем Красота Baby Best', N'Perhaps we should also point out the fact that a closer study of the structural comparison, based on sequence analysis has a long history of an importance of the feedback system.', '2012-08-09 06:42:46.000', N'https://tu.omeasnotea.mx/edourme/nthernd/tiohennd/allanhising.bmp', 67, 5, 3, N'http://ouryouat.be/at/meenng/uldhadit/onhenometha.htm')
INSERT dbo.Video(Video_ID, Video_name, Video_description, Video_timestamp, Video_cover, User_ID, Category_ID, Privacy_ID, Video_link) VALUES (29, N'ELclassico carry То,что Лучший Моделирование', N'Everyone understands what it takes to this effective mechanism.This can eventually cause certain issues this corporate competitiveness.This can eventually cause certain issues.', '2010-01-01 00:07:50.000', N'https://kokeqo.tedtihenhin.es/sho/hin/tovein/edverher.bmp', 12, 1, 2, N'http://tiiswasith.kr/oulntit/ourbutand/ti/youanouera.html')
INSERT dbo.Video(Video_ID, Video_name, Video_description, Video_timestamp, Video_cover, User_ID, Category_ID, Privacy_ID, Video_link) VALUES (30, N'плюсах матч Лучший Гарвард Что Гарвард', N'In this regard, a episodic action of the layout of the project architecture should keep its influence over any foremost or synthetic approach.', '2010-01-01 05:38:10.000', N'http://tevipe.leionher.dk/thawas/tioit.jpg', 194, 10, 1, N'http://www.ingasarne.il/foris/arreuldver.php')
INSERT dbo.Video(Video_ID, Video_name, Video_description, Video_timestamp, Video_cover, User_ID, Category_ID, Privacy_ID, Video_link) VALUES (31, N'Drake Конец Больше State carry', N'This may be done through the feedback system the global management concepts and the effective mechanism.Thus a complete understanding is missing.', '2010-01-01 09:44:02.000', N'http://meent.cn/her/thaterverher.png', 177, 1, 2, N'https://tihiwitere.ar/hadatme/hitioforst.html#4')
INSERT dbo.Video(Video_ID, Video_name, Video_description, Video_timestamp, Video_cover, User_ID, Category_ID, Privacy_ID, Video_link) VALUES (32, N'Кайф Photoshop CRY на CRY CRY Harden Best Happy light', N'As concerns organization of the set of related commands and controls, it can be quite risky.Thus a complete understanding is missing.', '2015-02-24 02:15:26.000', N'http://sekoji.youere.com/thatheing/andhast/heralarted.png', 161, 4, 1, N'http://reanitor.ae/ionteas/seuldeve/tioand/allhat.php?t=91')
INSERT dbo.Video(Video_ID, Video_name, Video_description, Video_timestamp, Video_cover, User_ID, Category_ID, Privacy_ID, Video_link) VALUES (33, N'RealMadrid', N'In the meantime study of prime practices has more common features with the ultimate advantage of sufficient software over alternate practices.', '2013-05-15 17:58:49.000', N'http://kukuyo.onhe.fr/hen/eraalnd/edourngbut.bmp', 33, 11, 1, N'http://heomenting.biz/ng/areshad/tedasere/hisithmeter.asp')
INSERT dbo.Video(Video_ID, Video_name, Video_description, Video_timestamp, Video_cover, User_ID, Category_ID, Privacy_ID, Video_link) VALUES (34, N'Baby light стартап Messy CRY Happy Вечерний Смартфон самый Модный Crazy Тот как Красота ELclassico', N'Focusing on the latest investigations, we can positively say that the comprehensive methods would facilitate the development of the irrelevance of technology.', '2010-01-01 00:00:03.000', N'http://ingthameti.dk/tha/enhadith.jpg', 33, 11, 1, N'http://uldthiome.cn/tedha/it/omethasnd.asp')
INSERT dbo.Video(Video_ID, Video_name, Video_description, Video_timestamp, Video_cover, User_ID, Category_ID, Privacy_ID, Video_link) VALUES (35, N'dance Магия world мире мире Планета Лучший Highlights, Messy Luxyry Трюк i61 программируем процессы', N'We cannot ignore the fact that criteria of the efficiency of the technical terms will require a vast knowledge. In particular, the interpretation of the the profit contributes to the capabilities of what can be classified as the performance gaps.', '2010-01-01 00:00:42.000', N'http://reesera.jp/intiion/our/areeve.bmp', 121, 14, 1, N'http://tebutha.il/thetohat/merevereve.htm')
INSERT dbo.Video(Video_ID, Video_name, Video_description, Video_timestamp, Video_cover, User_ID, Category_ID, Privacy_ID, Video_link) VALUES (36, N'Гарвард Лекция', N'From these arguments one must conclude that a huge improvement of the mechanism has become even more significant for the competitive development and manufacturing. This could virtually be a result of a consequential risks.', '2010-01-01 00:00:10.000', N'https://no.nottioithto.biz/erorto/his/oulatour/eraenttio.gif', 161, 14, 2, N'https://www.heesithen.cz/thihehad/teithwit/ent/uldne.htm')
INSERT dbo.Video(Video_ID, Video_name, Video_description, Video_timestamp, Video_cover, User_ID, Category_ID, Privacy_ID, Video_link) VALUES (37, N'Монтаж CRY light', N'The other side of the coin is, however, that the efficiency of the formal action has proved to be reliable in the scope of the positive influence of any hardware maintenance.', '2011-02-05 08:50:44.000', N'http://wefako.enhiandst.nz/omees/oulrere/anlebut/butre.gif', 121, 5, 2, N'https://onatanome.de/haduldou/fortioti/youitera/nghadnotst.htm')
INSERT dbo.Video(Video_ID, Video_name, Video_description, Video_timestamp, Video_cover, User_ID, Category_ID, Privacy_ID, Video_link) VALUES (38, N'TechnoMix на Выпуск', N'On the other hand, the analysis of the basic feature provides a glimpse at what can be classified as the direct access to key resources.', '2011-10-12 00:16:08.000', N'http://asas.com/an/stwasing/enin/hinforing.gif', 161, 12, 2, N'http://forall.gr/waisan/haing/waeaith.aspx')
INSERT dbo.Video(Video_ID, Video_name, Video_description, Video_timestamp, Video_cover, User_ID, Category_ID, Privacy_ID, Video_link) VALUES (39, N'Леопард достичь Это Crazy RealMadrid Лучший деньги Лучший', N'By some means, any corporate ethics and philosophy is formally considerable. However, the portion of the global management concepts poses problems and challenges for both the corporate competitiveness and the minor details of operating speed model.', '2010-01-01 00:00:19.000', N'https://guhode.stentwaeve.lv/hiseshis/notareeve/butoulher/sted.bmp', 100, 5, 3, N'https://www.inverarewas.se/ndndne/ntsethe/sereare/seittihen.htm')
INSERT dbo.Video(Video_ID, Video_name, Video_description, Video_timestamp, Video_cover, User_ID, Category_ID, Privacy_ID, Video_link) VALUES (40, N'Сок Финал Конец Тот Stars многим самый ELclassico', N'One should, nevertheless, consider that the influence of the relation between the program functionality and the standards control requires urgent actions to be taken towards the productivity boost.', '2011-08-20 08:06:41.000', N'https://iontedthame.tr/nging/the/hineand/edver.png', 121, 9, 2, N'https://www.sthahinome.nz/heion/es/shoyoume/eveoul.htm')
INSERT dbo.Video(Video_ID, Video_name, Video_description, Video_timestamp, Video_cover, User_ID, Category_ID, Privacy_ID, Video_link) VALUES (41, N'на light Кайф world Когда матч Кайф Ronaldo House don''t Ronaldo Что Golden', N'At any rate, criteria of efforts of the preliminary network design indicates the importance of the system mechanism. In any case, we can habitually change the mechanism of the systems approach. Thus a complete understanding is missing.', '2012-10-08 00:43:05.000', N'https://uldhebutme.au/esuldith/allstted/neesith.bmp', 13, 11, 2, N'https://andreter.au/ometeroul/not/st/allwaeaan.asp')
INSERT dbo.Video(Video_ID, Video_name, Video_description, Video_timestamp, Video_cover, User_ID, Category_ID, Privacy_ID, Video_link) VALUES (42, N'Golden Супер 10 стартап Конец Финал плюсах', N'Although, a broad understanding of the formal action highlights the importance of what is conventionally known as design patterns.', '2010-01-01 00:01:24.000', N'https://atst.ae/tooued/entstar/ingerng/isen.png', 47, 4, 3, N'https://www.terour.it/ed/and/ntwasse/thihatse.php?t=27&p=1637')
INSERT dbo.Video(Video_ID, Video_name, Video_description, Video_timestamp, Video_cover, User_ID, Category_ID, Privacy_ID, Video_link) VALUES (43, N'Сhill Это Как Красота Вечерний Планета Как', N'It is stated that either performance gaps or final phase becomes even more complex when compared with the crucial development skills. Such tendency may fully originate from the systolic approach.', '2010-01-01 19:06:45.000', N'https://ithedwa.eg/ateden/hinalthi/ionmees/heenwas.bmp', 68, 5, 1, N'https://www.edatsten.hk/erhaand/witerthe/hat/tome.aspx?id=742')
INSERT dbo.Video(Video_ID, Video_name, Video_description, Video_timestamp, Video_cover, User_ID, Category_ID, Privacy_ID, Video_link) VALUES (44, N'Blessed Golden плюсах тему сделать Magic бизнес Ronaldo world', N'However, the growth of the quality guidelines benefits from permanent interrelation with the network development.Therefore, the concept of the internal network can be treated as the only solution.', '2010-12-23 22:41:13.000', N'https://jeje.veareteed.org/er/enera/alstat/allthited.jpg', 177, 9, 2, N'http://thale.il/thwashad/tedvestith.htm')
INSERT dbo.Video(Video_ID, Video_name, Video_description, Video_timestamp, Video_cover, User_ID, Category_ID, Privacy_ID, Video_link) VALUES (45, N'Супер сделать Magic State Смартфон Магия Best Когда интересно Лучший Magic', N'We cannot ignore the fact that the accurate predictions of the productivity boost reinforces the argument for the operational system. This seems to be a notably obvious step towards the storage area.', '2011-11-27 13:24:52.000', N'http://hu.ulditse.za/neing/thewitwasar.bmp', 34, 7, 1, N'https://veer.se/alltheome/ithhis.asp')
INSERT dbo.Video(Video_ID, Video_name, Video_description, Video_timestamp, Video_cover, User_ID, Category_ID, Privacy_ID, Video_link) VALUES (46, N'Stars Больше матч Как Сhill Messy Kanye Drake Конец Messy Backflip Супер на тему Красавец мире I', N'From these facts, one may conclude that the evaluation of reliability activities for any of the constructive criticism boosts the growth of any complementary or enriched approach.', '2010-01-01 00:05:22.000', N'https://vigaya.henoulnton.ua/thathehen/seyouallth.jpg', 141, 3, 3, N'https://tont.au/hin/hiarehen/ithtedthi/thaeraouin.php?t=57&p=9739')
INSERT dbo.Video(Video_ID, Video_name, Video_description, Video_timestamp, Video_cover, User_ID, Category_ID, Privacy_ID, Video_link) VALUES (47, N'Backflip сделать Красавец Шоу сделать', N'Which seems to confirm the idea that concentration of segments of the crucial development skills definitely illustrates the utter importance of the product design and development.', '2015-07-18 10:49:24.000', N'https://sita.orteveyou.us/oral/mewatihad.png', 13, 5, 2, N'https://erealrehin.tr/hinnotoul/tedisoul/anmeon/esou.php')
INSERT dbo.Video(Video_ID, Video_name, Video_description, Video_timestamp, Video_cover, User_ID, Category_ID, Privacy_ID, Video_link) VALUES (48, N'Что Never сделать самый Blessed Планета carry Golden world Give Нереально Как', N'As a matter of fact, the core principles has common features with an initial attempt in development of the strategic decisions.', '2015-04-07 15:47:11.000', N'http://boyevu.hishadse.fi/enitthi/itlein.gif', 100, 7, 2, N'https://ingas.cn/uldingfor/ter/fornotedas.htm#99167')
INSERT dbo.Video(Video_ID, Video_name, Video_description, Video_timestamp, Video_cover, User_ID, Category_ID, Privacy_ID, Video_link) VALUES (49, N'Вечерний сделать на Pharaoh Photoshop Backflip матч Леопард Магия Вечерний Never i61 бизнес world', N'To be honest, the problem of impact of the systems approach should help in resolving present challenges.', '2010-01-01 00:00:59.000', N'http://yisefo.veeraas.lv/omeeraent/orthhad/allarenthad.png', 162, 4, 1, N'https://www.nothiningth.de/uld/forforare/ted/aleveomehis.php?t=38&p=857')
INSERT dbo.Video(Video_ID, Video_name, Video_description, Video_timestamp, Video_cover, User_ID, Category_ID, Privacy_ID, Video_link) VALUES (50, N'Когда бизнес', N'As a matter of fact, the accurate predictions of the continuing idea doctrine is of a great interest.This could holistically be a result of a coherent software.', '2011-02-06 18:13:47.000', N'https://vijeru.hadle.fi/ome/henyoustthe.jpg', 14, 3, 1, N'http://isithonin.lu/sho/in/andhehatour.php')
INSERT dbo.Video(Video_ID, Video_name, Video_description, Video_timestamp, Video_cover, User_ID, Category_ID, Privacy_ID, Video_link) VALUES (51, N'Модный Happy Happy Красота том То,что Jordan Give Backflip Backflip Трюк 10 плюсах', N'In plain English, the assumption, that the development process  is a base for developing elements of the commitment to quality assurance, the entire picture the systolic approach and the formal review of opportunities.', '2012-02-20 09:55:10.000', N'http://haedverhen.tr/lehisare/ionshoing/thandour/allenesne.jpg', 194, 8, 2, N'http://www.oulonhiuld.ca/thi/notenor/hiithisen.asp?id=15')
INSERT dbo.Video(Video_ID, Video_name, Video_description, Video_timestamp, Video_cover, User_ID, Category_ID, Privacy_ID, Video_link) VALUES (52, N'MAke ELclassico Что Смартфон Монтаж', N'It should not be neglected that the evaluation of reliability activities for any of the set of system properties combines the effective time management and the minor details of productivity boost.', '2010-01-01 00:00:02.000', N'http://me.esretedit.ar/ntuld/ulduldhadhi.png', 35, 1, 1, N'http://anhe.ge/for/noton/henhinyou/erthaoulwas.aspx')
INSERT dbo.Video(Video_ID, Video_name, Video_description, Video_timestamp, Video_cover, User_ID, Category_ID, Privacy_ID, Video_link) VALUES (53, N'Лев многим i61 Как на Ronaldo Photoshop', N'Keeping in mind that the structure of the essence highlights the importance of complete failure of the supposed theory.', '2010-01-01 00:00:07.000', N'http://cu.reareer.eg/verteti/herwasentwas.png', 121, 10, 1, N'https://areneareit.ar/erehin/ound/ouand.htm')
INSERT dbo.Video(Video_ID, Video_name, Video_description, Video_timestamp, Video_cover, User_ID, Category_ID, Privacy_ID, Video_link) VALUES (54, N'То,что Вечерний Тот посвящённая', N'A number of key issues arise from the belief that the ground-breaking technology represents basic principles of the ability bias. The software functionality turns it into something traditionally real.', '2010-12-30 11:01:32.000', N'https://erhe.lu/tinotour/erforyou.png', 101, 8, 1, N'http://herhi.com/ourwason/allent/forithen/thtohe.htm')
INSERT dbo.Video(Video_ID, Video_name, Video_description, Video_timestamp, Video_cover, User_ID, Category_ID, Privacy_ID, Video_link) VALUES (55, N'INSANE на UP посвящённая Pharaoh Best Выпуск', N'The public in general tend to believe that a closer study of the system concepts can hardly be compared with the set of system properties. Such tendency may wholly originate from the well-known practice.', '2010-01-01 00:00:07.000', N'http://veattoome.ua/ngtioere/thi/and/tioerehinan.jpg', 120, 10, 3, N'http://evewastioing.cz/eaveve/hihen/edthawa/hihaveve.asp')
INSERT dbo.Video(Video_ID, Video_name, Video_description, Video_timestamp, Video_cover, User_ID, Category_ID, Privacy_ID, Video_link) VALUES (56, N'Красота', N'On the contrary, organization of the principles of effective management reveals the patterns of the resource management. This could potentially be a result of a strategic decisions.', '2010-01-01 07:54:20.000', N'https://thiinhi.ge/itisin/veretedis.gif', 48, 11, 1, N'http://www.iontioentter.uk/onas/hangas/era/shonotwahi.aspx')
INSERT dbo.Video(Video_ID, Video_name, Video_description, Video_timestamp, Video_cover, User_ID, Category_ID, Privacy_ID, Video_link) VALUES (57, N'Делать о Конец', N'From these facts, one may conclude that a lot of effort has been invested into the project architecture.First and foremost, the core principles the commitment to quality assurance.', '2010-12-06 03:24:22.000', N'https://tupa.teeahi.tw/his/se/our/hentsting.png', 32, 10, 3, N'https://www.hitiour.dk/sho/ingtiobut/butsho/verveseeve.htm#8')
INSERT dbo.Video(Video_ID, Video_name, Video_description, Video_timestamp, Video_cover, User_ID, Category_ID, Privacy_ID, Video_link) VALUES (58, N'carry самый Give Шоу мире', N'Another way of looking at this problem is to admit that the understanding of the great significance of the quality guidelines gives rise to the conceptual design.', '2011-11-23 14:13:07.000', N'http://tera.andisandent.fi/veevesho/entthearto.jpg', 69, 3, 1, N'http://andtha.ca/alhen/nethe/witherhad/omeortoit.htm#9832')
INSERT dbo.Video(Video_ID, Video_name, Video_description, Video_timestamp, Video_cover, User_ID, Category_ID, Privacy_ID, Video_link) VALUES (59, N'don''t матч Pharaoh Лучший Супер world Harden Конец Kanye Кайф MAke Земля UP world light Выпуск', N'So far so good, but all approaches to the creation of the analysis of the quality guidelines highlights the importance of the questionable thesis.', '2011-09-19 20:55:08.000', N'http://pevu.ngthaeahi.ae/aretiare/arewiting/he/ouneisal.gif', 49, 12, 3, N'https://www.thever.biz/thewasnot/theon/stenng.php?t=25&p=936')
INSERT dbo.Video(Video_ID, Video_name, Video_description, Video_timestamp, Video_cover, User_ID, Category_ID, Privacy_ID, Video_link) VALUES (60, N'стартап House Модный Stars Сок деньги', N'Nevertheless, one should accept that any further consideration the permanent growth. This could drastically be a result of a market tendencies the internal network and what is conventionally known as final draft.', '2013-08-12 05:32:42.000', N'http://meterhatan.gr/oul/shotohatver.jpg', 120, 6, 2, N'http://www.heverteare.il/eveingbut/termeall/thiismeome.asp?id=259')
INSERT dbo.Video(Video_ID, Video_name, Video_description, Video_timestamp, Video_cover, User_ID, Category_ID, Privacy_ID, Video_link) VALUES (61, N'Harden процессы в Fashion Делать Drake', N'That being said, the influence of the relation between the content strategy and the valuable information enforces the overall effect of this application rules. This can eventually cause certain issues.', '2011-01-03 14:09:20.000', N'http://se.thiontheing.za/hinallare/hiithte/tiohaded/hatre.gif', 194, 7, 1, N'https://eaerethiwit.ar/erathhad/edhis/ingeveis/reveseted.htm#74120')
INSERT dbo.Video(Video_ID, Video_name, Video_description, Video_timestamp, Video_cover, User_ID, Category_ID, Privacy_ID, Video_link) VALUES (62, N'программируем процессы Вечерний Never Космос как Как Drake Изучаем', N'In respect that the example of the primary element has a long history of an importance of the development methodology.', '2010-10-19 06:51:42.000', N'http://kifobe.tieveites.fr/uldveoul/ourle/hiingndre.png', 70, 10, 2, N'https://hetio.nl/hinionsho/or/foruldall/eathiwasted.asp?id=403')
INSERT dbo.Video(Video_ID, Video_name, Video_description, Video_timestamp, Video_cover, User_ID, Category_ID, Privacy_ID, Video_link) VALUES (63, N'Backflip MAke Ronaldo CRY Новости Планета Это I Красота Смартфон Harden Ремонт Blessed стартап I', N'In a word, the operations research in its influence on with the exception of the comprehensive set of policy statements minimizes influence of what is conventionally known as linguistic approach.', '2014-04-25 13:45:58.000', N'https://lorira.ityoute.jp/hinotnot/ngarve/hisherer/thaasithfor.bmp', 141, 4, 2, N'https://attieste.cn/thyouto/ng/toouseith.htm')
INSERT dbo.Video(Video_ID, Video_name, Video_description, Video_timestamp, Video_cover, User_ID, Category_ID, Privacy_ID, Video_link) VALUES (64, N'самый House UP достичь Kanye Вечерний о Give CRY Магия Невероятно', N'A solution might be in a combination of hardware maintenance and market tendencies the questionable thesis.', '2010-12-12 02:30:57.000', N'http://fuwu.atleereyou.br/thihinuld/oulhador/you/isstar.gif', 34, 2, 3, N'http://esstent.es/hi/ionwitleent.asp?id=653')
INSERT dbo.Video(Video_ID, Video_name, Video_description, Video_timestamp, Video_cover, User_ID, Category_ID, Privacy_ID, Video_link) VALUES (65, N'Вечерний Kanye многим сделать', N'To all effects and purposes, the core principles has common features with the goals and objectives. The communication is quite a external matter.', '2014-05-16 05:03:48.000', N'https://altiofortha.il/henhinon/shooul/ere/atasanter.gif', 162, 10, 3, N'https://artionotver.be/nebuthi/thaoulereme.asp')
INSERT dbo.Video(Video_ID, Video_name, Video_description, Video_timestamp, Video_cover, User_ID, Category_ID, Privacy_ID, Video_link) VALUES (66, N'Fashion матч посвящённая light Magic Ремонт на Блог Тот многим Ремонт i61 Монтаж Highlights,', N'In a more general sense, the individual elements and growth opportunities of it are quite high.Therefore, the concept of the corporate asset growth can be treated as the only solution.', '2010-01-01 01:25:04.000', N'http://pa.inhadtioon.fr/ouratre/th/hiniterehen.gif', 161, 9, 3, N'http://ashiswitver.il/tiea/shoenit/nottiwit/ntalnot.php')
INSERT dbo.Video(Video_ID, Video_name, Video_description, Video_timestamp, Video_cover, User_ID, Category_ID, Privacy_ID, Video_link) VALUES (67, N'том деньги Backflip Сhill процессы матч Земля Luxyry Гарвард Космос Сhill don''t', N'The most common argument against this is that an basic component of general features of the system mechanism should set clear rules regarding what is conventionally known as hardware maintenance.', '2010-01-01 02:27:07.000', N'http://henngtooul.com/stea/verhadthor.gif', 142, 8, 1, N'http://oulenneion.hk/ednthe/to/andlethe.htm')
INSERT dbo.Video(Video_ID, Video_name, Video_description, Video_timestamp, Video_cover, User_ID, Category_ID, Privacy_ID, Video_link) VALUES (68, N'Невероятно Best как программируем компьютер Golden попасть', N'In particular, the understanding of the great significance of the diverse sources of information makes no difference to the minor details of major and minor objectives.', '2011-12-28 06:48:37.000', N'https://hubako.herveouren.cn/witouse/tedentnt/hadisin/onleyoutio.jpg', 194, 3, 2, N'https://www.eveen.tr/hewit/erevees/tiering/erewasthean.asp')
INSERT dbo.Video(Video_ID, Video_name, Video_description, Video_timestamp, Video_cover, User_ID, Category_ID, Privacy_ID, Video_link) VALUES (69, N'Golden Ремонт в RealMadrid Drake Конец carry', N'At any rate, an basic component of the capacity of the continuing hardware doctrine shows a stable performance in development of complete failure of the supposed theory.', '2011-06-04 08:25:23.000', N'https://zageqa.semeheat.ar/is/ithanti/al/tiotere.jpg', 50, 1, 3, N'http://theorhis.us/thithi/youesor/enallfor/entanonwas.aspx')
INSERT dbo.Video(Video_ID, Video_name, Video_description, Video_timestamp, Video_cover, User_ID, Category_ID, Privacy_ID, Video_link) VALUES (70, N'Трюк Photoshop House Шоу Леопард CRY Fashion Лев Жестокость Как Как Супер Выпуск как Ronaldo UP', N'Up to a certain time, the key factor is completely considerable.However, a description of the network development offers good prospects for improvement of the feedback system.', '2012-03-13 18:40:11.000', N'http://ionourand.jp/lehadall/ar/rengou/hitedyoueve.png', 161, 3, 1, N'http://foratou.com/shohinhe/ou/thethaareis.asp')
INSERT dbo.Video(Video_ID, Video_name, Video_description, Video_timestamp, Video_cover, User_ID, Category_ID, Privacy_ID, Video_link) VALUES (71, N'Fashion достичь light world Harden Конец Шоу Нереально', N'It is very clear from these observations that the influence of the relation between the continuing method doctrine and the system concepts establishes sound conditions for the more task analysis of the product functionality.', '2012-11-22 15:33:48.000', N'https://tiondhenal.ae/wasanan/waonoul/ne/thieneraoul.png', 14, 9, 1, N'https://www.tedentere.fr/eratoon/youedhenhen.asp?id=683')
INSERT dbo.Video(Video_ID, Video_name, Video_description, Video_timestamp, Video_cover, User_ID, Category_ID, Privacy_ID, Video_link) VALUES (72, N'Изучаем Планета на Ургант Fashion как Magic интересно Тот о Нереально', N'It is necessary to point out that the principles of effective management results in a complete compliance with what can be classified as the design patterns.', '2010-01-02 21:29:38.000', N'https://ndes.kr/terngted/atwithen/ted/ndstle.bmp', 194, 5, 1, N'http://tiandesti.fi/onntyou/outial/veth.php')
INSERT dbo.Video(Video_ID, Video_name, Video_description, Video_timestamp, Video_cover, User_ID, Category_ID, Privacy_ID, Video_link) VALUES (73, N'RealMadrid INSANE Красавец Pharaoh', N'The preliminary network design turns it into something ridiculously real.', '2012-09-21 05:13:33.000', N'http://nayo.aneraon.ca/tenotne/noter/stere/hathiisng.bmp', 15, 6, 2, N'https://www.onver.cy/meareith/leorhi/rene/edreenre.html#30793')
INSERT dbo.Video(Video_ID, Video_name, Video_description, Video_timestamp, Video_cover, User_ID, Category_ID, Privacy_ID, Video_link) VALUES (74, N'Give посвящённая', N'Eventually, the assumption, that the comprehensive project management is a base for developing each of the network development, represents basic principles of the general features and possibilities of the effective time management.', '2010-10-26 09:50:37.000', N'http://andnot.za/areornt/wit/andwaar/vethaouion.jpg', 100, 8, 3, N'http://www.eahelenot.tr/ouandthi/arethaat/witnoten.php?t=15&p=5213')
INSERT dbo.Video(Video_ID, Video_name, Video_description, Video_timestamp, Video_cover, User_ID, Category_ID, Privacy_ID, Video_link) VALUES (75, N'сделать Когда RealMadrid тему State Нереально Финал', N'It goes without saying that the negative impact of the critical acclaim of the combines the standards control and what is conventionally known as operating speed model.', '2014-02-26 02:38:26.000', N'https://tebutedent.nz/hientor/er/ndshohefor.jpg', 121, 10, 2, N'http://metierare.cy/youinuld/enteare/isthaera/ithernt.html')
INSERT dbo.Video(Video_ID, Video_name, Video_description, Video_timestamp, Video_cover, User_ID, Category_ID, Privacy_ID, Video_link) VALUES (76, N'Ronaldo', N'To be more specific, the interpretation of the comprehensive methods provides a deep insight into the preliminary action plan.', '2013-08-02 21:46:27.000', N'http://vetoverle.cy/ea/onerame/evetonot/shoeaionthe.jpg', 122, 11, 1, N'http://erndterar.tw/theourome/ndhatevene.asp')
INSERT dbo.Video(Video_ID, Video_name, Video_description, Video_timestamp, Video_cover, User_ID, Category_ID, Privacy_ID, Video_link) VALUES (77, N'Highlights, State Супер State Трюк Красота', N'Fortunately, the optimization of the basic feature formally complete failure of the supposed theory the crucial development skills in terms of its dependence on the conceptual design.', '2010-01-01 00:00:05.000', N'https://retoat.org/uldalwa/thndare/andhisith/thiwaatle.png', 35, 6, 2, N'http://atverntve.dk/isngare/ithwaera.asp')
INSERT dbo.Video(Video_ID, Video_name, Video_description, Video_timestamp, Video_cover, User_ID, Category_ID, Privacy_ID, Video_link) VALUES (78, N'dance CRY о Crazy Как Выпуск TechnoMix Нереально Конец', N'However, the total volume of the linguistic approach underlines the limitations of the major and minor objectives.The strategic planning turns it into something presumably real.', '2011-04-08 12:36:56.000', N'http://forin.es/ournotha/nenewa.png', 71, 7, 3, N'https://uldforver.jp/hadomeyou/youalhi/eaterhi/enououl.htm')
INSERT dbo.Video(Video_ID, Video_name, Video_description, Video_timestamp, Video_cover, User_ID, Category_ID, Privacy_ID, Video_link) VALUES (79, N'самый TechnoMix 10 Как Messy Изучаем Конец', N'This can eventually cause certain issues.', '2010-01-01 00:26:50.000', N'https://neng.us/herntti/and/eserewit/shoesnt.bmp', 101, 9, 1, N'http://www.entasoulha.ae/alles/enthe.php?t=69&p=5698')
INSERT dbo.Video(Video_ID, Video_name, Video_description, Video_timestamp, Video_cover, User_ID, Category_ID, Privacy_ID, Video_link) VALUES (80, N'Нереально Harden Crazy То,что интересно', N'Simplistically, elements of the the profit needs to be processed together with the the application interface. The final draft turns it into something presumably real.', '2011-01-18 10:39:20.000', N'https://zajaye.eryoutheto.hk/enomeha/ouuld/nduldeaour.png', 100, 4, 1, N'http://stwaourent.ar/attioere/his/at/metetioion.htm')
INSERT dbo.Video(Video_ID, Video_name, Video_description, Video_timestamp, Video_cover, User_ID, Category_ID, Privacy_ID, Video_link) VALUES (81, N'carry RealMadrid Леопард в Give i61 Highlights, MAke Harden Красавец Красота матч плюсах Pharaoh', N'One of the most striking features of this problem is that core concept of the treatment combines the independent knowledge and an importance of the internal network.', '2012-10-29 14:04:40.000', N'https://jayo.oulonasthe.biz/ithstea/hinwithen/inithis/veion.bmp', 177, 11, 1, N'https://www.eabutourera.lv/anstand/atseent/hien/meiseveea.htm')
INSERT dbo.Video(Video_ID, Video_name, Video_description, Video_timestamp, Video_cover, User_ID, Category_ID, Privacy_ID, Video_link) VALUES (82, N'То,что Вечерний MAke Смартфон самый Ronaldo Лекция Что Красота', N'In a more general sense, the exceptional results of the operating speed model is getting more complicated against the backdrop of the more driving factor of the optimization scenario.', '2010-01-06 01:05:20.000', N'https://thendeahe.tw/er/teratar/intiter/anal.jpg', 101, 5, 2, N'https://www.itatandall.ua/metedve/seare.htm#80528')
INSERT dbo.Video(Video_ID, Video_name, Video_description, Video_timestamp, Video_cover, User_ID, Category_ID, Privacy_ID, Video_link) VALUES (83, N'Шоу dance House dance матч Тот', N'It is worth emphasizing that any part of the essential component should keep its influence over any extrusive or profitable approach.', '2017-03-30 07:15:57.000', N'https://roni.ntternter.il/ea/thierete/omein/ionededare.gif', 36, 9, 2, N'https://onareorwit.fr/ated/ourhiesed.asp')
INSERT dbo.Video(Video_ID, Video_name, Video_description, Video_timestamp, Video_cover, User_ID, Category_ID, Privacy_ID, Video_link) VALUES (84, N'Golden Моделирование Luxyry House Невероятно на достичь Больше', N'Thus, the basic layout for the total volume of the principles of effective management must stay true to the optimization scenario. This could slowly be a result of a product design and development.', '2010-01-01 00:00:02.000', N'http://pojica.fores.de/heleent/not/veonthis.jpg', 141, 10, 1, N'https://tioinyou.nl/lehinnot/haduldar/hisare/washad.asp?id=379')
INSERT dbo.Video(Video_ID, Video_name, Video_description, Video_timestamp, Video_cover, User_ID, Category_ID, Privacy_ID, Video_link) VALUES (85, N'Смартфон Когда о Сок CRY Шоу', N'Let''s not forget that study of competitive practices represents opportunities for the structure absorption. Everyone understands what it takes to the systems approach or the program functionality the minor details of functional testing.', '2011-05-11 22:45:42.000', N'http://jeqipi.evewitasle.nl/tewasat/lealles/terhisshoin.gif', 51, 8, 3, N'https://www.hewasishe.dk/waswashi/our/hewathire.asp')
INSERT dbo.Video(Video_ID, Video_name, Video_description, Video_timestamp, Video_cover, User_ID, Category_ID, Privacy_ID, Video_link) VALUES (86, N'о TechnoMix ELclassico мире', N'From these facts, one may conclude that either direct access to key resources or primary element particularly differentiates the structural comparison, based on sequence analysis and complete failure of the supposed theory.', '2010-12-19 12:48:03.000', N'http://tuci.ometiwater.cn/alngor/heeveeve/lehishis/theheandne.png', 72, 8, 3, N'http://younewaall.hu/vertheme/anheere/easeasit.asp')
INSERT dbo.Video(Video_ID, Video_name, Video_description, Video_timestamp, Video_cover, User_ID, Category_ID, Privacy_ID, Video_link) VALUES (87, N'достичь Kanye Конец Лев Лекция Сок Жестокость RealMadrid достичь Смартфон', N'Furthermore, one should not forget that a overall action of the analysis of the storage area must stay true to the minor details of structure absorption.', '2010-01-01 00:00:02.000', N'http://yo.ingtihatar.fr/hisan/tiohenveras.bmp', 177, 8, 3, N'https://witoul.org/uldenti/uld/ne/omeitmehe.asp')
INSERT dbo.Video(Video_ID, Video_name, Video_description, Video_timestamp, Video_cover, User_ID, Category_ID, Privacy_ID, Video_link) VALUES (88, N'процессы Леопард деньги То,что Изучаем Лев', N'On the contrary, the matrix of available has common features with the entity integrity. Such tendency may definitely originate from the operating speed model.', '2014-09-09 01:53:51.000', N'https://fu.oulted.il/thistion/herourver/ndhatse/hernot.bmp', 52, 4, 3, N'https://hinhahenoul.hk/butesnt/and/leteruldme.php?t=71&p=3076')
INSERT dbo.Video(Video_ID, Video_name, Video_description, Video_timestamp, Video_cover, User_ID, Category_ID, Privacy_ID, Video_link) VALUES (89, N'carry light процессы', N'Remembering that the basic layout for the remainder of the comprehensive set of policy statements is of a great interest.A solution might be in a combination of systems approach and quality guidelines the minor details of quality guidelines.', '2011-09-28 21:36:23.000', N'https://viveyu.youhisenion.cy/leshoen/in/ithinghat/allhadthiwas.jpg', 195, 12, 1, N'http://edereasit.lv/henthihis/arentoued.htm')
INSERT dbo.Video(Video_ID, Video_name, Video_description, Video_timestamp, Video_cover, User_ID, Category_ID, Privacy_ID, Video_link) VALUES (90, N'Pharaoh тему самый о Лучший Give Изучаем Сhill', N'In a word, the influence of the relation between the individual elements and the global management concepts is getting more complicated against the backdrop of the ultimate advantage of low event over alternate practices.', '2011-03-08 07:16:22.000', N'http://ourattehe.ch/ionalher/hather/al/terndsethi.png', 16, 4, 1, N'http://aredonhe.dk/allallter/terstor/tohin/wittoatare.php?t=60&p=182')
INSERT dbo.Video(Video_ID, Video_name, Video_description, Video_timestamp, Video_cover, User_ID, Category_ID, Privacy_ID, Video_link) VALUES (91, N'ELclassico Ремонт Планета посвящённая сделать Больше Photoshop', N'Focusing on the latest investigations, we can positively say that either technical requirements or hardware maintenance leads us to a clear understanding of the structural comparison, based on sequence analysis on a modern economy.', '2011-11-30 03:47:34.000', N'https://hiallesan.hk/ea/all/tesho/sethien.png', 141, 5, 3, N'https://www.witnot.br/ha/stseou/it/reverforin.htm#7')
INSERT dbo.Video(Video_ID, Video_name, Video_description, Video_timestamp, Video_cover, User_ID, Category_ID, Privacy_ID, Video_link) VALUES (92, N'Best Ремонт dance Делать Backflip Golden Магия интересно don''t Лучший о', N'Throughout the investigation of a section of the tasks priority management, it was noted that the critical acclaim of the combines the data management and data architecture framework and the existing network. Thus a complete understanding is missing.', '2010-10-02 23:05:09.000', N'http://eveveredome.cy/oulerte/ngtele/enthayoual.jpg', 15, 12, 3, N'http://www.ouloungour.fi/le/or/hearhe/neenwait.asp')
INSERT dbo.Video(Video_ID, Video_name, Video_description, Video_timestamp, Video_cover, User_ID, Category_ID, Privacy_ID, Video_link) VALUES (93, N'Шоу То,что Jordan Конец Красота интересно Сhill Crazy Never', N'But other than that, elements of the essence offers good prospects for improvement of the market tendencies. The functional testing turns it into something virtually real.', '2011-02-05 10:16:55.000', N'http://duqa.nthionve.com/oulallyou/esyoune/venene/areuldstour.bmp', 142, 6, 3, N'https://entourithith.dk/hitedar/hatwas.htm')
INSERT dbo.Video(Video_ID, Video_name, Video_description, Video_timestamp, Video_cover, User_ID, Category_ID, Privacy_ID, Video_link) VALUES (94, N'Когда Luxyry Новости Что Красота Красота', N'Quite possibly, the core principles approximately the software functionality.We must be ready for development methodology and program functionality investigation of the system concepts.', '2013-02-27 10:27:15.000', N'https://ci.forme.nl/ter/seyouent/hat/stisentwit.bmp', 177, 4, 3, N'http://www.hatngngan.net/is/outhi/neionyou/remetohat.htm')
INSERT dbo.Video(Video_ID, Video_name, Video_description, Video_timestamp, Video_cover, User_ID, Category_ID, Privacy_ID, Video_link) VALUES (95, N'Планета Блог Когда сделать Тот Сок', N'Another way of looking at this problem is to admit that some part of the rationally developed techniques is slightly considerable.However, efforts of the technical requirements should help in resolving present challenges.', '2010-01-01 00:37:59.000', N'https://witteomeis.at/entera/meingion/hinhadne/leforeain.jpg', 195, 10, 3, N'http://witeratheto.tw/eandal/haionithth.html')
INSERT dbo.Video(Video_ID, Video_name, Video_description, Video_timestamp, Video_cover, User_ID, Category_ID, Privacy_ID, Video_link) VALUES (96, N'Blessed стартап UP Ургант Лев Моделирование Планета Магия', N'Everyone understands what it takes to the entire picture the benefits of data integrity.This could presumably be a result of a relational approach.', '2010-01-01 00:00:32.000', N'http://ji.ndan.cy/arendal/ndaswain.bmp', 37, 12, 2, N'http://www.anthaall.us/youeveera/ingerhisto.htm#0514')
INSERT dbo.Video(Video_ID, Video_name, Video_description, Video_timestamp, Video_cover, User_ID, Category_ID, Privacy_ID, Video_link) VALUES (97, N'Как 10 UP i61 мире', N'On top of that the optimization of the corporate competitiveness provides rich insights into the minor details of direct access to key resources.', '2012-11-05 16:08:15.000', N'http://ma.erenerve.ua/as/alan/theerhe/vealngnt.jpg', 102, 12, 3, N'https://www.ingesentwas.au/tieate/herher/in/vewawasat.php?t=10')
INSERT dbo.Video(Video_ID, Video_name, Video_description, Video_timestamp, Video_cover, User_ID, Category_ID, Privacy_ID, Video_link) VALUES (98, N'Ургант Нереально программируем Шоу То,что State Делать Photoshop RealMadrid Трюк о Лучший world', N'Consequently, in terms of the internal policy substantially differentiates the ability bias and the more significant improvement of the operational system.', '2017-02-13 10:03:08.000', N'https://tiaras.uk/omewasto/notndou/ithoulfor/theingention.gif', 73, 6, 1, N'http://tiaswitas.at/eve/thauldeve/tha/steaentng.php')
INSERT dbo.Video(Video_ID, Video_name, Video_description, Video_timestamp, Video_cover, User_ID, Category_ID, Privacy_ID, Video_link) VALUES (99, N'Кайф на Монтаж интересно Golden Сhill Леопард Вечерний', N'It is necessary to point out that a lot of effort has been invested into the base configuration.However, any part of the valuable information becomes extremely important for the entire picture.', '2012-09-19 08:04:38.000', N'http://hadst.kr/wit/thaneuldhin.jpg', 33, 11, 1, N'http://www.verwa.fi/ted/onionhenou.aspx?id=715')
INSERT dbo.Video(Video_ID, Video_name, Video_description, Video_timestamp, Video_cover, User_ID, Category_ID, Privacy_ID, Video_link) VALUES (100, N'Golden', N'From these facts, one may conclude that the matter of the internal resources must stay true to the operating speed model.', '2010-12-13 12:34:19.000', N'https://ve.wastedeaed.cz/forhenme/her/thi/youreherha.gif', 178, 6, 3, N'http://evewaioneve.za/shohernt/terndne/tededed/errewitthi.aspx')
INSERT dbo.Video(Video_ID, Video_name, Video_description, Video_timestamp, Video_cover, User_ID, Category_ID, Privacy_ID, Video_link) VALUES (101, N'как Ургант самый UP посвящённая Stars', N'We must bear in mind that the example of the rapidly developed techniques may motivate developers to work out every contradiction between the strategic management and the major outcomes.', '2010-01-01 00:00:09.000', N'http://hisintoith.gr/youhin/ent/en/isrehadal.png', 163, 12, 1, N'https://hadthi.eg/tersho/thiedar/he/shoshoonst.asp?id=941')
INSERT dbo.Video(Video_ID, Video_name, Video_description, Video_timestamp, Video_cover, User_ID, Category_ID, Privacy_ID, Video_link) VALUES (102, N'i61 Смартфон MAke Тот сделать Это Лекция Как Stars Stars Смартфон Земля Красота', N'A number of key issues arise from the belief that violations of the essence becomes a serious problem.This may be done through the key principles.', '2010-01-01 00:00:09.000', N'http://heruldour.jp/erwaal/reoned/itshoter/ouhenarnt.gif', 162, 12, 1, N'https://www.asalthi.hu/sthis/youonti/hive/heeve.htm')
INSERT dbo.Video(Video_ID, Video_name, Video_description, Video_timestamp, Video_cover, User_ID, Category_ID, Privacy_ID, Video_link) VALUES (103, N'процессы i61 Выпуск Golden Конец State интересно Конец в как Crazy CRY Как как Never Новости Конец', N'Alas, the explicit examination of emergency planning can hardly be compared with the corporate asset growth on a modern economy.', '2011-08-16 11:58:44.000', N'http://vearorion.uk/ionthhat/oullese/erioninar.bmp', 162, 10, 3, N'http://ionthearter.no/erme/thi/butyouti/ingfor.php')
INSERT dbo.Video(Video_ID, Video_name, Video_description, Video_timestamp, Video_cover, User_ID, Category_ID, Privacy_ID, Video_link) VALUES (104, N'i61 House', N'Looking it another way, some of the strategic decision poses problems and challenges for both the productivity boost and the best practice patterns. Therefore, the concept of the heavily developed techniques can be treated as the only solution.', '2011-07-28 06:11:48.000', N'https://fortheretha.no/allingal/atngyouit.gif', 53, 10, 3, N'http://henareherter.ca/veeveea/aniting/witoulsho/wahentiha.php?t=51&p=939')
INSERT dbo.Video(Video_ID, Video_name, Video_description, Video_timestamp, Video_cover, User_ID, Category_ID, Privacy_ID, Video_link) VALUES (105, N'Fashion Luxyry Планета RealMadrid', N'We must bear in mind that the example of the hardware maintenance what is conventionally known as development process  the predictable behavior and will possibly result in the minor details of technical terms.', '2011-01-01 22:28:02.000', N'https://entoullever.se/asith/le/ereoulhin/inthheroul.gif', 74, 6, 3, N'https://inwauldti.gr/ithhiswa/buterar/neall/thevetioen.html#6')
INSERT dbo.Video(Video_ID, Video_name, Video_description, Video_timestamp, Video_cover, User_ID, Category_ID, Privacy_ID, Video_link) VALUES (106, N'Сок Pharaoh TechnoMix Жестокость Гарвард компьютер бизнес сделать Как State Luxyry Как Harden', N'One cannot possibly accept the fact that the lack of knowledge of in terms of the well-known practice leads us to a clear understanding of the basic reason of the continuing ratio doctrine. Thus a complete understanding is missing.', '2014-07-10 00:48:41.000', N'https://jafo.heralles.lv/eve/ingedhin/his/andedentes.jpg', 17, 12, 1, N'http://www.vertiouldion.kr/teromene/ittedorith.html#65')
INSERT dbo.Video(Video_ID, Video_name, Video_description, Video_timestamp, Video_cover, User_ID, Category_ID, Privacy_ID, Video_link) VALUES (107, N'Pharaoh Красота INSANE Кайф Трюк Blessed Красота стартап Stars Земля Лев Модный Финал Модный', N'To sort everything out, it is worth mentioning that the accurate predictions of the linguistic approach makes no difference to what can be classified as the primary element.', '2015-07-12 14:14:33.000', N'http://jaqe.hinme.se/for/veteti/areesera.jpg', 195, 12, 2, N'http://antotedhe.dk/nemeon/yousetha/edithera/reerehinand.php?t=85')
INSERT dbo.Video(Video_ID, Video_name, Video_description, Video_timestamp, Video_cover, User_ID, Category_ID, Privacy_ID, Video_link) VALUES (108, N'Magic Это Jordan программируем', N'In particular, the framework of the source of permanent growth impacts approximately on every task analysis.', '2012-09-02 03:44:45.000', N'http://femiha.eveastedera.cn/tedwasth/ou/meon/erendhinou.bmp', 177, 10, 3, N'https://www.ingtioome.ae/areomethe/butteeve/nehier.html#7')
INSERT dbo.Video(Video_ID, Video_name, Video_description, Video_timestamp, Video_cover, User_ID, Category_ID, Privacy_ID, Video_link) VALUES (109, N'Crazy Модный Blessed 10 CRY посвящённая Конец Больше матч Конец', N'Doubtless, the example of the production cycle cannot be developed under such circumstances. To put it mildly, the remainder of the skills leads us to a clear understanding of the conceptual design.', '2011-02-17 18:40:22.000', N'https://quba.hawas.nz/ingverhis/uldle.png', 141, 5, 3, N'http://www.hethhadver.kr/he/areyou.htm')
INSERT dbo.Video(Video_ID, Video_name, Video_description, Video_timestamp, Video_cover, User_ID, Category_ID, Privacy_ID, Video_link) VALUES (110, N'I программируем как матч Изучаем', N'Focusing on the latest investigations, we can positively say that any further consideration provides a prominent example of the questionable thesis.', '2011-04-02 17:19:28.000', N'https://zu.hatnthen.br/ometothi/en/ontioall/asastioare.bmp', 143, 4, 3, N'https://hinere.ae/toannt/uld/hahenngith.php')
INSERT dbo.Video(Video_ID, Video_name, Video_description, Video_timestamp, Video_cover, User_ID, Category_ID, Privacy_ID, Video_link) VALUES (111, N'Jordan Блог Делать процессы', N'Everyone understands what it takes to the more content strategy of the primary element the irrelevance of indicator.', '2010-01-01 00:01:12.000', N'http://joke.alngarnot.us/teedne/verbutto/wandhision.bmp', 54, 6, 1, N'http://www.ngngesnd.hu/tiolewa/andasere/era/ereinallle.html#41818')
INSERT dbo.Video(Video_ID, Video_name, Video_description, Video_timestamp, Video_cover, User_ID, Category_ID, Privacy_ID, Video_link) VALUES (112, N'Best Как плюсах State компьютер Монтаж INSANE многим Baby Магия стартап Как don''t', N'In any case, we can rationally change the mechanism of the direct access to key resources.Thus a complete understanding is missing.', '2017-01-31 18:34:22.000', N'https://witournoteve.uk/wit/nenotshose.png', 13, 12, 3, N'https://www.veyou.ae/asalin/onithoulen.asp?id=24')
INSERT dbo.Video(Video_ID, Video_name, Video_description, Video_timestamp, Video_cover, User_ID, Category_ID, Privacy_ID, Video_link) VALUES (113, N'Drake don''t Леопард RealMadrid INSANE Делать Crazy don''t UP процессы', N'Frankly speaking, a small part of the mechanism provides a deep insight into the grand strategy on a modern economy.', '2012-03-22 06:21:23.000', N'http://ithrearhat.it/seourhis/and/thiareme/hinth.gif', 163, 4, 1, N'http://verteduldted.jp/in/atle/ndveea/entintiuld.asp')
INSERT dbo.Video(Video_ID, Video_name, Video_description, Video_timestamp, Video_cover, User_ID, Category_ID, Privacy_ID, Video_link) VALUES (114, N'Luxyry Смартфон компьютер Конец 10 процессы Pharaoh Шоу Блог плюсах Give достичь Конец', N'This may be done through the specific action result the project architecture.This seems to be a successfully obvious step towards the product design and development.', '2010-11-20 16:07:45.000', N'https://sewotu.edveingte.uk/ver/verforvebut.png', 164, 12, 3, N'http://allthinot.cn/toaran/hermewit/timeng/hadhadesall.aspx')
INSERT dbo.Video(Video_ID, Video_name, Video_description, Video_timestamp, Video_cover, User_ID, Category_ID, Privacy_ID, Video_link) VALUES (115, N'ELclassico как 10 UP light посвящённая Harden i61 i61 Супер RealMadrid Трюк Финал', N'To be more specific, the patterns of the formal action has more common features with any internal network. This may be done through the matters of peculiar interest.', '2010-01-01 19:59:14.000', N'https://gufelo.hasttioit.tr/thaionhis/shoasnd/hathat.bmp', 178, 6, 1, N'https://www.hatngyouion.at/eriontha/omeyouas/asomebutyou.php?t=31&p=7234')
INSERT dbo.Video(Video_ID, Video_name, Video_description, Video_timestamp, Video_cover, User_ID, Category_ID, Privacy_ID, Video_link) VALUES (116, N'don''t Лев Когда Кайф Backflip Luxyry плюсах бизнес ELclassico ELclassico Crazy компьютер Смартфон', N'First and foremost, a closer study of the software engineering concepts and practices has a long history of the effective time management. This seems to be a generally obvious step towards the base configuration.', '2012-02-14 08:00:36.000', N'https://zi.esasoulen.net/erangver/erewit/hatwaan/netiareer.bmp', 38, 4, 1, N'http://www.leortio.at/ted/ouinte/herasver/reer.php')
INSERT dbo.Video(Video_ID, Video_name, Video_description, Video_timestamp, Video_cover, User_ID, Category_ID, Privacy_ID, Video_link) VALUES (117, N'Вечерний Ургант том Happy Красота многим Моделирование CRY Это Happy Невероятно Выпуск Лекция', N'To sort everything out, it is worth mentioning that components of the condition of the specific decisions offers good prospects for improvement of the preliminary action plan.', '2010-01-01 00:00:26.000', N'https://geropo.thing.uk/reforome/leorhin/youhahen/heiteaea.png', 18, 5, 1, N'https://www.ourbutwahin.il/asorhad/isera.asp?id=104')
INSERT dbo.Video(Video_ID, Video_name, Video_description, Video_timestamp, Video_cover, User_ID, Category_ID, Privacy_ID, Video_link) VALUES (118, N'TechnoMix Как плюсах Изучаем Гарвард попасть', N'One way or another, a surprising flexibility in the advantage of the comprehensive project management leads us to a clear understanding of the ultimate advantage of factual penetration over alternate practices.', '2010-01-01 00:11:35.000', N'https://buboku.easeedion.biz/hiere/neasthi/asterandhi.gif', 143, 6, 3, N'http://vernotarou.de/theouin/oulen/wasanat/wanot.php?t=88&p=4272')
INSERT dbo.Video(Video_ID, Video_name, Video_description, Video_timestamp, Video_cover, User_ID, Category_ID, Privacy_ID, Video_link) VALUES (119, N'Fashion Нереально 10 Выпуск Делать Планета посвящённая CRY Kanye Ronaldo Красота', N'Looking it another way, the problem of a significant portion of the set of system properties manages to obtain every contradiction between the critical acclaim of the and the application interface.', '2010-01-04 13:54:16.000', N'https://nuro.ertohad.fr/ent/areathi/oulenhen/ourastiobut.gif', 123, 4, 3, N'http://www.ourmeerehat.ge/teryou/isoulted/nthernt/ouling.asp')
INSERT dbo.Video(Video_ID, Video_name, Video_description, Video_timestamp, Video_cover, User_ID, Category_ID, Privacy_ID, Video_link) VALUES (120, N'Happy', N'All in all, the influence of the relation between the entity integrity and the well-known practice remains the crucial component of the draft analysis and prior decisions and early design solutions or the global management concepts.', '2015-02-25 14:47:07.000', N'http://zogi.hadtioomene.cz/on/alterhias.jpg', 39, 6, 3, N'https://www.neere.com/washoare/ea/ere/youandhisor.htm')
GO

--
-- Inserting data into table dbo.Comment
--
INSERT dbo.Comment(Comment_ID, Comment_text, Comment_date, User_ID, Video_ID) VALUES (1, N'Dolorem velit voluptatibus. Est!
', '2013-11-25 04:13:37.000', 31, 5)
INSERT dbo.Comment(Comment_ID, Comment_text, Comment_date, User_ID, Video_ID) VALUES (2, N'Consequatur eveniet omnis. Illum est!', '2010-07-27 04:34:35.000', 200, 104)
INSERT dbo.Comment(Comment_ID, Comment_text, Comment_date, User_ID, Video_ID) VALUES (3, N'Reprehenderit vitae deserunt; fugiat.
', '2009-01-01 13:37:29.000', 118, 75)
INSERT dbo.Comment(Comment_ID, Comment_text, Comment_date, User_ID, Video_ID) VALUES (4, N'Corrupti rerum quia. Reprehenderit.', '2009-01-01 02:41:13.000', 98, 120)
INSERT dbo.Comment(Comment_ID, Comment_text, Comment_date, User_ID, Video_ID) VALUES (5, N'Quidem in illo. A eos molestiae...
', '2012-07-23 14:22:12.000', 166, 87)
INSERT dbo.Comment(Comment_ID, Comment_text, Comment_date, User_ID, Video_ID) VALUES (6, N'Sint est et. Assumenda nemo aliquid.', '2017-04-04 11:47:42.000', 184, 120)
INSERT dbo.Comment(Comment_ID, Comment_text, Comment_date, User_ID, Video_ID) VALUES (7, N'Facere dolorem dolor et fugiat in.', '2009-01-01 07:22:15.000', 167, 104)
INSERT dbo.Comment(Comment_ID, Comment_text, Comment_date, User_ID, Video_ID) VALUES (8, N'Aut deserunt dolor.
Voluptas enim.
', '2010-10-31 07:57:23.000', 185, 120)
INSERT dbo.Comment(Comment_ID, Comment_text, Comment_date, User_ID, Video_ID) VALUES (9, N'Laborum similique voluptatibus.
', '2010-03-14 09:16:58.000', 168, 104)
INSERT dbo.Comment(Comment_ID, Comment_text, Comment_date, User_ID, Video_ID) VALUES (10, N'Praesentium dolorem libero. Accusamus.', '2010-02-16 04:32:46.000', 11, 18)
INSERT dbo.Comment(Comment_ID, Comment_text, Comment_date, User_ID, Video_ID) VALUES (11, N'Dolor sed temporibus. Velit animi.
', '2009-01-01 01:51:58.000', 44, 87)
INSERT dbo.Comment(Comment_ID, Comment_text, Comment_date, User_ID, Video_ID) VALUES (12, N'Ipsam voluptatem animi. Iste et.
', '2010-01-11 23:16:33.000', 44, 114)
INSERT dbo.Comment(Comment_ID, Comment_text, Comment_date, User_ID, Video_ID) VALUES (13, N'Modi dolorum rerum. Odit hic labore!
', '2009-01-01 03:54:15.000', 118, 87)
INSERT dbo.Comment(Comment_ID, Comment_text, Comment_date, User_ID, Video_ID) VALUES (14, N'Minus repellat quos. Alias modi quos.
', '2009-01-06 22:49:24.000', 65, 27)
INSERT dbo.Comment(Comment_ID, Comment_text, Comment_date, User_ID, Video_ID) VALUES (15, N'Cumque error et. Enim eum maiores.', '2011-02-07 09:07:01.000', 186, 75)
INSERT dbo.Comment(Comment_ID, Comment_text, Comment_date, User_ID, Video_ID) VALUES (16, N'Dolor quo non. Quod dolorem dolore.', '2011-08-23 02:45:06.000', 31, 27)
INSERT dbo.Comment(Comment_ID, Comment_text, Comment_date, User_ID, Video_ID) VALUES (17, N'Qui blanditiis non. Dolorem omnis;', '2009-11-07 16:28:08.000', 169, 6)
INSERT dbo.Comment(Comment_ID, Comment_text, Comment_date, User_ID, Video_ID) VALUES (18, N'Itaque quod neque.
Explicabo dolorem.', '2011-06-08 15:18:51.000', 151, 75)
INSERT dbo.Comment(Comment_ID, Comment_text, Comment_date, User_ID, Video_ID) VALUES (19, N'Tenetur culpa inventore. Amet?
', '2014-09-19 13:05:49.000', 187, 75)
INSERT dbo.Comment(Comment_ID, Comment_text, Comment_date, User_ID, Video_ID) VALUES (20, N'Eligendi beatae esse. Eligendi.
', '2011-09-19 01:24:14.000', 65, 75)
INSERT dbo.Comment(Comment_ID, Comment_text, Comment_date, User_ID, Video_ID) VALUES (21, N'Fugit voluptas tempora. Ea impedit.
', '2009-01-01 00:00:04.000', 32, 120)
INSERT dbo.Comment(Comment_ID, Comment_text, Comment_date, User_ID, Video_ID) VALUES (22, N'Natus ea accusantium. Minus.
', '2009-01-01 00:00:05.000', 98, 104)
INSERT dbo.Comment(Comment_ID, Comment_text, Comment_date, User_ID, Video_ID) VALUES (23, N'Non eum obcaecati. Quis sed culpa.
', '2014-06-04 08:01:59.000', 44, 87)
INSERT dbo.Comment(Comment_ID, Comment_text, Comment_date, User_ID, Video_ID) VALUES (24, N'Tenetur labore et. Quia et!
', '2010-07-23 11:47:08.000', 12, 19)
INSERT dbo.Comment(Comment_ID, Comment_text, Comment_date, User_ID, Video_ID) VALUES (25, N'Et itaque impedit quo.', '2010-01-02 09:37:28.000', 170, 104)
INSERT dbo.Comment(Comment_ID, Comment_text, Comment_date, User_ID, Video_ID) VALUES (26, N'Ut officia delectus. Ipsam!
', '2015-01-13 07:59:25.000', 65, 104)
INSERT dbo.Comment(Comment_ID, Comment_text, Comment_date, User_ID, Video_ID) VALUES (27, N'Est necessitatibus odio. Aut ut facere.', '2014-10-24 22:35:24.000', 33, 7)
INSERT dbo.Comment(Comment_ID, Comment_text, Comment_date, User_ID, Video_ID) VALUES (28, N'Voluptas porro cupiditate. Sint ut?
', '2015-06-06 13:44:11.000', 131, 5)
INSERT dbo.Comment(Comment_ID, Comment_text, Comment_date, User_ID, Video_ID) VALUES (29, N'Saepe consequuntur vero. Ut ratione.', '2009-01-01 00:00:40.000', 119, 120)
INSERT dbo.Comment(Comment_ID, Comment_text, Comment_date, User_ID, Video_ID) VALUES (30, N'Repellendus voluptatem et. Ipsam;', '2016-07-18 11:34:40.000', 200, 120)
INSERT dbo.Comment(Comment_ID, Comment_text, Comment_date, User_ID, Video_ID) VALUES (31, N'Rem tempore voluptatum. At quae ea.
', '2010-07-25 05:01:26.000', 11, 18)
INSERT dbo.Comment(Comment_ID, Comment_text, Comment_date, User_ID, Video_ID) VALUES (32, N'Sint quia vero. Amet id quo. Eaque.
', '2013-10-12 20:10:40.000', 118, 100)
INSERT dbo.Comment(Comment_ID, Comment_text, Comment_date, User_ID, Video_ID) VALUES (33, N'Cum et in. Ut dolorum quis.
Molestiae.', '2010-12-11 06:42:02.000', 200, 75)
INSERT dbo.Comment(Comment_ID, Comment_text, Comment_date, User_ID, Video_ID) VALUES (34, N'Ipsa placeat rerum. Voluptas magni.', '2010-05-16 23:41:25.000', 188, 87)
INSERT dbo.Comment(Comment_ID, Comment_text, Comment_date, User_ID, Video_ID) VALUES (35, N'Consequatur ut repellendus. Obcaecati.', '2009-01-01 00:30:45.000', 152, 6)
INSERT dbo.Comment(Comment_ID, Comment_text, Comment_date, User_ID, Video_ID) VALUES (36, N'Molestiae harum quia; dicta.
', '2014-05-23 20:11:52.000', 32, 120)
INSERT dbo.Comment(Comment_ID, Comment_text, Comment_date, User_ID, Video_ID) VALUES (37, N'Nobis et facere. Ratione laudantium.
', '2009-01-01 00:05:42.000', 45, 120)
INSERT dbo.Comment(Comment_ID, Comment_text, Comment_date, User_ID, Video_ID) VALUES (38, N'Quo earum aut; veniam maiores.
', '2009-01-01 00:00:02.000', 98, 104)
INSERT dbo.Comment(Comment_ID, Comment_text, Comment_date, User_ID, Video_ID) VALUES (39, N'At alias non.
Commodi non voluptatem.', '2010-07-15 03:46:21.000', 132, 20)
INSERT dbo.Comment(Comment_ID, Comment_text, Comment_date, User_ID, Video_ID) VALUES (40, N'Vel velit est. Vero temporibus;
', '2013-11-04 21:07:55.000', 66, 63)
INSERT dbo.Comment(Comment_ID, Comment_text, Comment_date, User_ID, Video_ID) VALUES (41, N'Corporis quia quo. Saepe et alias. In.', '2010-11-16 07:11:54.000', 119, 8)
INSERT dbo.Comment(Comment_ID, Comment_text, Comment_date, User_ID, Video_ID) VALUES (42, N'Pariatur odit nesciunt. Quod sed.
', '2011-08-21 03:54:51.000', 153, 100)
INSERT dbo.Comment(Comment_ID, Comment_text, Comment_date, User_ID, Video_ID) VALUES (43, N'Quia laboriosam quia. Aut!
', '2009-01-01 02:31:34.000', 171, 19)
INSERT dbo.Comment(Comment_ID, Comment_text, Comment_date, User_ID, Video_ID) VALUES (44, N'Reprehenderit quaerat autem.
', '2014-06-13 16:55:38.000', 12, 21)
INSERT dbo.Comment(Comment_ID, Comment_text, Comment_date, User_ID, Video_ID) VALUES (45, N'Est dolores voluptate expedita.', '2009-01-01 00:01:26.000', 13, 120)
INSERT dbo.Comment(Comment_ID, Comment_text, Comment_date, User_ID, Video_ID) VALUES (46, N'Culpa minima fugit. Omnis.
', '2010-02-17 15:48:18.000', 133, 9)
INSERT dbo.Comment(Comment_ID, Comment_text, Comment_date, User_ID, Video_ID) VALUES (47, N'Et nemo architecto. Dolores itaque.
', '2012-08-18 15:47:01.000', 34, 88)
INSERT dbo.Comment(Comment_ID, Comment_text, Comment_date, User_ID, Video_ID) VALUES (48, N'Unde nihil sit.
Eos voluptas.', '2009-01-01 03:36:29.000', 45, 120)
INSERT dbo.Comment(Comment_ID, Comment_text, Comment_date, User_ID, Video_ID) VALUES (49, N'Aut voluptates cupiditate recusandae.', '2014-02-11 13:07:38.000', 45, 27)
INSERT dbo.Comment(Comment_ID, Comment_text, Comment_date, User_ID, Video_ID) VALUES (50, N'Impedit ducimus aut.
Est commodi.
', '2009-01-01 02:13:45.000', 33, 120)
INSERT dbo.Comment(Comment_ID, Comment_text, Comment_date, User_ID, Video_ID) VALUES (51, N'Et rerum qui; facilis eius illo.
', '2009-01-01 23:43:41.000', 154, 63)
INSERT dbo.Comment(Comment_ID, Comment_text, Comment_date, User_ID, Video_ID) VALUES (52, N'Quae praesentium enim. Tempora nostrum.', '2015-07-14 12:08:49.000', 189, 100)
INSERT dbo.Comment(Comment_ID, Comment_text, Comment_date, User_ID, Video_ID) VALUES (53, N'Id alias recusandae. Possimus dolorem;', '2010-04-09 02:22:10.000', 31, 22)
INSERT dbo.Comment(Comment_ID, Comment_text, Comment_date, User_ID, Video_ID) VALUES (54, N'Nesciunt beatae quasi. Voluptatem ea!', '2014-11-12 23:08:39.000', 99, 7)
INSERT dbo.Comment(Comment_ID, Comment_text, Comment_date, User_ID, Video_ID) VALUES (55, N'Voluptatibus itaque eveniet. Modi.
', '2009-12-14 17:36:55.000', 66, 87)
INSERT dbo.Comment(Comment_ID, Comment_text, Comment_date, User_ID, Video_ID) VALUES (56, N'Voluptatem atque distinctio. Esse.
', '2016-09-27 02:14:35.000', 134, 63)
INSERT dbo.Comment(Comment_ID, Comment_text, Comment_date, User_ID, Video_ID) VALUES (57, N'Porro fugit quo. Facilis molestiae.', '2010-05-29 12:59:14.000', 120, 76)
INSERT dbo.Comment(Comment_ID, Comment_text, Comment_date, User_ID, Video_ID) VALUES (58, N'Culpa sit nihil; magnam qui illum.', '2010-07-28 04:03:07.000', 13, 10)
INSERT dbo.Comment(Comment_ID, Comment_text, Comment_date, User_ID, Video_ID) VALUES (59, N'Sed ab numquam. Tempore.
', '2009-01-01 00:01:04.000', 100, 114)
INSERT dbo.Comment(Comment_ID, Comment_text, Comment_date, User_ID, Video_ID) VALUES (60, N'Quos magni sed. Dignissimos esse.
', '2009-01-01 00:00:10.000', 34, 114)
INSERT dbo.Comment(Comment_ID, Comment_text, Comment_date, User_ID, Video_ID) VALUES (61, N'Nihil hic nulla.
Nam veniam sint.', '2012-06-25 01:33:19.000', 155, 27)
INSERT dbo.Comment(Comment_ID, Comment_text, Comment_date, User_ID, Video_ID) VALUES (62, N'Voluptas nulla praesentium. Aut et!
', '2010-10-28 19:50:08.000', 135, 23)
INSERT dbo.Comment(Comment_ID, Comment_text, Comment_date, User_ID, Video_ID) VALUES (63, N'Quam eaque aut. Est numquam.
', '2016-04-03 04:49:00.000', 121, 20)
INSERT dbo.Comment(Comment_ID, Comment_text, Comment_date, User_ID, Video_ID) VALUES (64, N'Consequatur ut error. Et aperiam.
', '2010-04-10 23:15:20.000', 156, 120)
INSERT dbo.Comment(Comment_ID, Comment_text, Comment_date, User_ID, Video_ID) VALUES (65, N'Laboriosam qui aut; dolore dolorem.', '2009-01-05 17:02:28.000', 101, 100)
INSERT dbo.Comment(Comment_ID, Comment_text, Comment_date, User_ID, Video_ID) VALUES (66, N'Vero qui est. Minima illo vero.
', '2009-01-01 00:06:28.000', 172, 120)
INSERT dbo.Comment(Comment_ID, Comment_text, Comment_date, User_ID, Video_ID) VALUES (67, N'Voluptate asperiores velit. Fugit!
', '2017-01-24 12:09:34.000', 136, 27)
INSERT dbo.Comment(Comment_ID, Comment_text, Comment_date, User_ID, Video_ID) VALUES (68, N'Ut sequi distinctio. Dolor nam sit.', '2009-01-08 06:18:59.000', 66, 63)
INSERT dbo.Comment(Comment_ID, Comment_text, Comment_date, User_ID, Video_ID) VALUES (69, N'Ipsam laborum dolor. Ut voluptatem.
', '2011-06-22 10:57:35.000', 190, 104)
INSERT dbo.Comment(Comment_ID, Comment_text, Comment_date, User_ID, Video_ID) VALUES (70, N'Quasi dolore sit. Vel ab ullam.
', '2011-10-04 19:44:06.000', 46, 114)
INSERT dbo.Comment(Comment_ID, Comment_text, Comment_date, User_ID, Video_ID) VALUES (71, N'Cum perferendis quia. Deserunt.
', '2009-09-08 00:05:04.000', 173, 63)
INSERT dbo.Comment(Comment_ID, Comment_text, Comment_date, User_ID, Video_ID) VALUES (72, N'Rerum dolor et. Corporis totam?
', '2009-01-01 11:26:22.000', 191, 11)
INSERT dbo.Comment(Comment_ID, Comment_text, Comment_date, User_ID, Video_ID) VALUES (73, N'Asperiores nobis atque.
', '2015-09-03 03:33:35.000', 157, 75)
INSERT dbo.Comment(Comment_ID, Comment_text, Comment_date, User_ID, Video_ID) VALUES (74, N'Atque repellat dicta. Reiciendis.
', '2009-01-02 02:23:37.000', 137, 87)
INSERT dbo.Comment(Comment_ID, Comment_text, Comment_date, User_ID, Video_ID) VALUES (75, N'Omnis eos quo; quia hic distinctio.
', '2009-01-01 00:10:42.000', 67, 24)
INSERT dbo.Comment(Comment_ID, Comment_text, Comment_date, User_ID, Video_ID) VALUES (76, N'In distinctio non.
Quia dolorum.
', '2009-01-01 00:00:30.000', 11, 104)
INSERT dbo.Comment(Comment_ID, Comment_text, Comment_date, User_ID, Video_ID) VALUES (77, N'Ratione beatae est. Consequatur vel!', '2012-04-24 21:20:15.000', 158, 8)
INSERT dbo.Comment(Comment_ID, Comment_text, Comment_date, User_ID, Video_ID) VALUES (78, N'Ullam accusamus excepturi. Eos vel.
', '2010-10-15 01:32:33.000', 99, 63)
INSERT dbo.Comment(Comment_ID, Comment_text, Comment_date, User_ID, Video_ID) VALUES (79, N'Quis voluptas ut. Autem consectetur.', '2009-01-01 00:00:10.000', 46, 104)
INSERT dbo.Comment(Comment_ID, Comment_text, Comment_date, User_ID, Video_ID) VALUES (80, N'Nobis earum esse. Aut sed odio! Quam.', '2013-06-15 03:18:46.000', 46, 114)
INSERT dbo.Comment(Comment_ID, Comment_text, Comment_date, User_ID, Video_ID) VALUES (81, N'Ratione tempore nesciunt. Modi sit.
', '2013-07-13 12:51:21.000', 14, 87)
INSERT dbo.Comment(Comment_ID, Comment_text, Comment_date, User_ID, Video_ID) VALUES (82, N'Repudiandae enim quo. Aut et aliquam?
', '2009-11-28 18:50:41.000', 32, 63)
INSERT dbo.Comment(Comment_ID, Comment_text, Comment_date, User_ID, Video_ID) VALUES (83, N'Ut voluptatibus sed. Unde facilis.', '2010-04-12 18:11:23.000', 138, 114)
INSERT dbo.Comment(Comment_ID, Comment_text, Comment_date, User_ID, Video_ID) VALUES (84, N'Odio veritatis quis. Quia odio eos.', '2009-01-10 06:28:39.000', 159, 51)
INSERT dbo.Comment(Comment_ID, Comment_text, Comment_date, User_ID, Video_ID) VALUES (85, N'Ut corporis odit. Illum laboriosam!
', '2009-01-01 00:01:38.000', 35, 40)
INSERT dbo.Comment(Comment_ID, Comment_text, Comment_date, User_ID, Video_ID) VALUES (86, N'Quo consequatur ex. Dolore aliquam.
', '2009-01-01 00:00:06.000', 67, 51)
INSERT dbo.Comment(Comment_ID, Comment_text, Comment_date, User_ID, Video_ID) VALUES (87, N'Voluptatem in autem; nisi ut iste.
', '2010-02-28 05:14:03.000', 120, 51)
INSERT dbo.Comment(Comment_ID, Comment_text, Comment_date, User_ID, Video_ID) VALUES (88, N'Aspernatur velit dicta. Unde!
', '2011-05-13 19:59:14.000', 15, 105)
INSERT dbo.Comment(Comment_ID, Comment_text, Comment_date, User_ID, Video_ID) VALUES (89, N'Libero autem et. Nostrum ut quos.
', '2010-03-25 03:12:32.000', 174, 105)
INSERT dbo.Comment(Comment_ID, Comment_text, Comment_date, User_ID, Video_ID) VALUES (90, N'Cumque et est. Iste magni harum? Quo.', '2009-01-01 00:41:48.000', 47, 51)
INSERT dbo.Comment(Comment_ID, Comment_text, Comment_date, User_ID, Video_ID) VALUES (91, N'Quia a dolor. Praesentium voluptates.', '2009-01-01 00:00:43.000', 139, 64)
INSERT dbo.Comment(Comment_ID, Comment_text, Comment_date, User_ID, Video_ID) VALUES (92, N'Aspernatur laborum non. Ex veniam.
', '2013-11-06 21:41:25.000', 160, 27)
INSERT dbo.Comment(Comment_ID, Comment_text, Comment_date, User_ID, Video_ID) VALUES (93, N'Vel illum modi; esse pariatur magnam;
', '2014-04-26 20:51:45.000', 119, 104)
INSERT dbo.Comment(Comment_ID, Comment_text, Comment_date, User_ID, Video_ID) VALUES (94, N'Aut odit est. Dolores ea?
', '2010-12-13 06:14:28.000', 140, 52)
INSERT dbo.Comment(Comment_ID, Comment_text, Comment_date, User_ID, Video_ID) VALUES (95, N'Odio cumque deserunt. Id autem.
', '2016-12-13 02:46:03.000', 161, 75)
INSERT dbo.Comment(Comment_ID, Comment_text, Comment_date, User_ID, Video_ID) VALUES (96, N'Sequi sit optio. Est eum numquam.
', '2009-01-01 07:51:58.000', 67, 27)
INSERT dbo.Comment(Comment_ID, Comment_text, Comment_date, User_ID, Video_ID) VALUES (97, N'Deleniti molestiae dolorem. Soluta.
', '2011-01-16 15:36:10.000', 192, 40)
INSERT dbo.Comment(Comment_ID, Comment_text, Comment_date, User_ID, Video_ID) VALUES (98, N'Omnis esse nihil. Aut adipisci saepe.', '2013-05-02 00:17:34.000', 36, 21)
INSERT dbo.Comment(Comment_ID, Comment_text, Comment_date, User_ID, Video_ID) VALUES (99, N'A distinctio qui. Quos atque et.
', '2017-04-29 21:36:10.000', 68, 114)
INSERT dbo.Comment(Comment_ID, Comment_text, Comment_date, User_ID, Video_ID) VALUES (100, N'Ullam sint iusto. Dolorum dolorem et.', '2016-11-21 16:29:11.000', 16, 115)
INSERT dbo.Comment(Comment_ID, Comment_text, Comment_date, User_ID, Video_ID) VALUES (101, N'Ad natus exercitationem. Sunt cumque.', '2012-08-18 05:15:41.000', 122, 114)
INSERT dbo.Comment(Comment_ID, Comment_text, Comment_date, User_ID, Video_ID) VALUES (102, N'Asperiores nam aut. Dolorem sint.', '2009-01-01 01:33:38.000', 100, 64)
INSERT dbo.Comment(Comment_ID, Comment_text, Comment_date, User_ID, Video_ID) VALUES (103, N'Velit ut ullam. Magnam hic.', '2010-10-14 23:49:33.000', 175, 9)
INSERT dbo.Comment(Comment_ID, Comment_text, Comment_date, User_ID, Video_ID) VALUES (104, N'Natus dolores ea. Enim dolorem!
', '2009-12-16 03:39:35.000', 47, 51)
INSERT dbo.Comment(Comment_ID, Comment_text, Comment_date, User_ID, Video_ID) VALUES (105, N'Sint nam explicabo. Incidunt saepe.', '2010-07-21 01:30:53.000', 193, 12)
INSERT dbo.Comment(Comment_ID, Comment_text, Comment_date, User_ID, Video_ID) VALUES (106, N'Rerum est tempora. Sed assumenda.
', '2010-04-02 10:48:19.000', 176, 88)
INSERT dbo.Comment(Comment_ID, Comment_text, Comment_date, User_ID, Video_ID) VALUES (107, N'Ea consectetur quia. Tempore.
', '2010-11-05 07:31:14.000', 99, 25)
INSERT dbo.Comment(Comment_ID, Comment_text, Comment_date, User_ID, Video_ID) VALUES (108, N'Possimus velit aut; dignissimos.
', '2011-11-11 14:34:51.000', 194, 40)
INSERT dbo.Comment(Comment_ID, Comment_text, Comment_date, User_ID, Video_ID) VALUES (109, N'Quaerat autem vero. Dicta eligendi.
', '2012-01-01 05:40:14.000', 177, 105)
INSERT dbo.Comment(Comment_ID, Comment_text, Comment_date, User_ID, Video_ID) VALUES (110, N'Tempora ullam ut. Quia eum!
', '2009-01-01 00:08:51.000', 47, 40)
INSERT dbo.Comment(Comment_ID, Comment_text, Comment_date, User_ID, Video_ID) VALUES (111, N'Illum illo consequatur. Libero.', '2010-08-18 20:22:43.000', 120, 22)
INSERT dbo.Comment(Comment_ID, Comment_text, Comment_date, User_ID, Video_ID) VALUES (112, N'Eveniet magni ratione. Maiores;', '2009-01-02 18:04:42.000', 68, 88)
INSERT dbo.Comment(Comment_ID, Comment_text, Comment_date, User_ID, Video_ID) VALUES (113, N'Laborum minima laudantium. Laborum!
', '2009-01-01 00:00:40.000', 37, 40)
INSERT dbo.Comment(Comment_ID, Comment_text, Comment_date, User_ID, Video_ID) VALUES (114, N'Sint eum similique. Est numquam ut.
', '2009-12-26 15:00:32.000', 68, 51)
INSERT dbo.Comment(Comment_ID, Comment_text, Comment_date, User_ID, Video_ID) VALUES (115, N'Voluptas ad sed. Sed sapiente ut.', '2010-08-21 05:11:38.000', 195, 28)
INSERT dbo.Comment(Comment_ID, Comment_text, Comment_date, User_ID, Video_ID) VALUES (116, N'Id earum rerum; provident ut et;
', '2010-02-25 05:12:22.000', 17, 104)
INSERT dbo.Comment(Comment_ID, Comment_text, Comment_date, User_ID, Video_ID) VALUES (117, N'Dolores qui vel. Enim repudiandae.', '2009-01-01 19:55:01.000', 121, 13)
INSERT dbo.Comment(Comment_ID, Comment_text, Comment_date, User_ID, Video_ID) VALUES (118, N'Quam ut qui. Fugiat iusto quo.
Odio.', '2010-07-14 18:21:14.000', 141, 28)
INSERT dbo.Comment(Comment_ID, Comment_text, Comment_date, User_ID, Video_ID) VALUES (119, N'Aliquid placeat sit. Ut!
', '2010-01-27 00:58:25.000', 101, 106)
INSERT dbo.Comment(Comment_ID, Comment_text, Comment_date, User_ID, Video_ID) VALUES (120, N'Beatae dignissimos consequuntur non...', '2009-01-09 02:57:07.000', 48, 41)
INSERT dbo.Comment(Comment_ID, Comment_text, Comment_date, User_ID, Video_ID) VALUES (121, N'Enim dicta sit. Debitis quis qui?
', '2009-01-01 00:00:09.000', 12, 100)
INSERT dbo.Comment(Comment_ID, Comment_text, Comment_date, User_ID, Video_ID) VALUES (122, N'Aperiam adipisci corrupti. Omnis non.', '2015-04-09 07:16:23.000', 162, 29)
INSERT dbo.Comment(Comment_ID, Comment_text, Comment_date, User_ID, Video_ID) VALUES (123, N'Omnis dolorum sed. Repellendus ipsum!', '2009-01-01 00:07:21.000', 122, 65)
INSERT dbo.Comment(Comment_ID, Comment_text, Comment_date, User_ID, Video_ID) VALUES (124, N'Tenetur delectus ea. Et non sequi;
', '2015-01-20 03:31:10.000', 69, 42)
INSERT dbo.Comment(Comment_ID, Comment_text, Comment_date, User_ID, Video_ID) VALUES (125, N'Quam voluptatem sit. Optio?
', '2009-01-01 00:16:04.000', 142, 89)
INSERT dbo.Comment(Comment_ID, Comment_text, Comment_date, User_ID, Video_ID) VALUES (126, N'Omnis porro possimus. Illum et qui.
', '2013-02-16 02:57:25.000', 102, 40)
INSERT dbo.Comment(Comment_ID, Comment_text, Comment_date, User_ID, Video_ID) VALUES (127, N'Recusandae sint ipsum. Id ab soluta!', '2009-01-01 00:15:24.000', 33, 115)
INSERT dbo.Comment(Comment_ID, Comment_text, Comment_date, User_ID, Video_ID) VALUES (128, N'Consequatur facere qui. In?
', '2014-09-29 21:44:07.000', 178, 114)
INSERT dbo.Comment(Comment_ID, Comment_text, Comment_date, User_ID, Video_ID) VALUES (129, N'Dolores ullam voluptatum. Modi.
', '2010-04-22 02:29:06.000', 102, 114)
INSERT dbo.Comment(Comment_ID, Comment_text, Comment_date, User_ID, Video_ID) VALUES (130, N'Voluptates blanditiis sint. Dolor.
', '2011-10-03 03:31:49.000', 163, 1)
INSERT dbo.Comment(Comment_ID, Comment_text, Comment_date, User_ID, Video_ID) VALUES (131, N'Enim quos vitae. Atque accusantium.
', '2009-01-01 11:40:18.000', 48, 64)
INSERT dbo.Comment(Comment_ID, Comment_text, Comment_date, User_ID, Video_ID) VALUES (132, N'Eius sequi autem error ut.', '2009-01-01 00:01:10.000', 196, 40)
INSERT dbo.Comment(Comment_ID, Comment_text, Comment_date, User_ID, Video_ID) VALUES (133, N'Eos temporibus doloribus. Eum?
', '2009-01-01 00:01:09.000', 14, 116)
INSERT dbo.Comment(Comment_ID, Comment_text, Comment_date, User_ID, Video_ID) VALUES (134, N'At cum autem; aspernatur ut in.
', '2010-01-17 01:29:48.000', 38, 105)
INSERT dbo.Comment(Comment_ID, Comment_text, Comment_date, User_ID, Video_ID) VALUES (135, N'Ab quibusdam nesciunt. Incidunt et.
', '2016-09-06 15:26:33.000', 123, 28)
INSERT dbo.Comment(Comment_ID, Comment_text, Comment_date, User_ID, Video_ID) VALUES (136, N'Sint velit harum. Explicabo ad!
', '2009-01-07 15:32:07.000', 100, 76)
INSERT dbo.Comment(Comment_ID, Comment_text, Comment_date, User_ID, Video_ID) VALUES (137, N'Rerum voluptatum fuga. Modi quis!
', '2011-10-07 03:53:37.000', 123, 77)
INSERT dbo.Comment(Comment_ID, Comment_text, Comment_date, User_ID, Video_ID) VALUES (138, N'Aut debitis saepe. Voluptate aut et.
', '2010-04-07 16:35:26.000', 49, 28)
INSERT dbo.Comment(Comment_ID, Comment_text, Comment_date, User_ID, Video_ID) VALUES (139, N'Expedita et blanditiis. Architecto.', '2010-07-30 23:24:09.000', 70, 106)
INSERT dbo.Comment(Comment_ID, Comment_text, Comment_date, User_ID, Video_ID) VALUES (140, N'Enim rem aut. Quibusdam amet.
', '2011-11-26 13:32:00.000', 18, 88)
INSERT dbo.Comment(Comment_ID, Comment_text, Comment_date, User_ID, Video_ID) VALUES (141, N'Sed et culpa. Cum magnam fuga. Quo.', '2009-01-05 18:55:07.000', 39, 14)
INSERT dbo.Comment(Comment_ID, Comment_text, Comment_date, User_ID, Video_ID) VALUES (142, N'Velit facilis ut. Velit officia.
', '2010-03-28 01:09:52.000', 13, 105)
INSERT dbo.Comment(Comment_ID, Comment_text, Comment_date, User_ID, Video_ID) VALUES (143, N'Quaerat soluta esse. Deserunt?
', '2010-04-03 13:29:57.000', 69, 64)
INSERT dbo.Comment(Comment_ID, Comment_text, Comment_date, User_ID, Video_ID) VALUES (144, N'Aut quia obcaecati. Est sint!', '2017-02-21 02:59:49.000', 103, 105)
INSERT dbo.Comment(Comment_ID, Comment_text, Comment_date, User_ID, Video_ID) VALUES (145, N'Voluptatem illum qui. Sequi est.
', '2014-01-10 21:09:09.000', 35, 105)
INSERT dbo.Comment(Comment_ID, Comment_text, Comment_date, User_ID, Video_ID) VALUES (146, N'Velit voluptate delectus. Hic officiis.', '2010-05-10 01:09:26.000', 143, 2)
INSERT dbo.Comment(Comment_ID, Comment_text, Comment_date, User_ID, Video_ID) VALUES (147, N'Vel omnis corrupti. Dolores hic...
', '2013-04-14 07:45:10.000', 179, 90)
INSERT dbo.Comment(Comment_ID, Comment_text, Comment_date, User_ID, Video_ID) VALUES (148, N'Doloribus expedita autem; expedita.
', '2009-01-09 18:30:09.000', 103, 27)
INSERT dbo.Comment(Comment_ID, Comment_text, Comment_date, User_ID, Video_ID) VALUES (149, N'Laborum quam eaque. Nam et harum. Quos!', '2009-01-01 00:00:15.000', 197, 52)
INSERT dbo.Comment(Comment_ID, Comment_text, Comment_date, User_ID, Video_ID) VALUES (150, N'Eum suscipit veniam; doloribus.
', '2009-12-27 16:03:42.000', 121, 115)
INSERT dbo.Comment(Comment_ID, Comment_text, Comment_date, User_ID, Video_ID) VALUES (151, N'Aut sint quam. Earum blanditiis!
', '2010-03-14 12:48:33.000', 164, 28)
INSERT dbo.Comment(Comment_ID, Comment_text, Comment_date, User_ID, Video_ID) VALUES (152, N'Reiciendis sunt recusandae. Tempora;', '2010-11-07 22:53:12.000', 83, 53)
INSERT dbo.Comment(Comment_ID, Comment_text, Comment_date, User_ID, Video_ID) VALUES (153, N'Soluta saepe voluptatem. Molestias!
', '2010-03-27 18:41:38.000', 144, 114)
INSERT dbo.Comment(Comment_ID, Comment_text, Comment_date, User_ID, Video_ID) VALUES (154, N'Eligendi autem magnam; sapiente.
', '2010-01-21 22:01:26.000', 180, 41)
INSERT dbo.Comment(Comment_ID, Comment_text, Comment_date, User_ID, Video_ID) VALUES (155, N'Non facilis sequi. Laudantium odio.', '2010-01-08 21:26:22.000', 48, 78)
INSERT dbo.Comment(Comment_ID, Comment_text, Comment_date, User_ID, Video_ID) VALUES (156, N'Voluptate velit reiciendis. Id;', '2010-11-04 00:16:14.000', 34, 76)
INSERT dbo.Comment(Comment_ID, Comment_text, Comment_date, User_ID, Video_ID) VALUES (157, N'Est corrupti perspiciatis.
', '2010-09-27 04:44:30.000', 198, 89)
INSERT dbo.Comment(Comment_ID, Comment_text, Comment_date, User_ID, Video_ID) VALUES (158, N'Et possimus voluptates. Ea nisi!
', '2012-01-06 02:03:15.000', 104, 100)
INSERT dbo.Comment(Comment_ID, Comment_text, Comment_date, User_ID, Video_ID) VALUES (159, N'Architecto et quod. Doloremque illum.', '2009-01-01 00:13:09.000', 69, 15)
INSERT dbo.Comment(Comment_ID, Comment_text, Comment_date, User_ID, Video_ID) VALUES (160, N'Atque alias dolor. Nam quo qui; in.', '2015-06-10 13:08:25.000', 181, 114)
INSERT dbo.Comment(Comment_ID, Comment_text, Comment_date, User_ID, Video_ID) VALUES (161, N'Sed sapiente totam. Libero in sed!', '2011-01-14 17:10:50.000', 124, 107)
INSERT dbo.Comment(Comment_ID, Comment_text, Comment_date, User_ID, Video_ID) VALUES (162, N'Est sapiente sint. Voluptate enim et!', '2010-06-24 20:20:23.000', 145, 64)
INSERT dbo.Comment(Comment_ID, Comment_text, Comment_date, User_ID, Video_ID) VALUES (163, N'Non temporibus eos...', '2016-05-26 15:47:01.000', 14, 27)
INSERT dbo.Comment(Comment_ID, Comment_text, Comment_date, User_ID, Video_ID) VALUES (164, N'Expedita voluptatum tempore. Ut est.
', '2009-01-01 00:00:46.000', 50, 41)
INSERT dbo.Comment(Comment_ID, Comment_text, Comment_date, User_ID, Video_ID) VALUES (165, N'Quam voluptatem nam. Quos odio qui!
', '2015-01-14 22:06:01.000', 199, 40)
INSERT dbo.Comment(Comment_ID, Comment_text, Comment_date, User_ID, Video_ID) VALUES (166, N'Unde eum enim. Laboriosam est cumque;
', '2014-12-28 10:59:16.000', 125, 76)
INSERT dbo.Comment(Comment_ID, Comment_text, Comment_date, User_ID, Video_ID) VALUES (167, N'Assumenda ratione qui. Expedita.
', '2014-11-07 18:11:00.000', 71, 10)
INSERT dbo.Comment(Comment_ID, Comment_text, Comment_date, User_ID, Video_ID) VALUES (168, N'Exercitationem libero vel.', '2009-01-01 00:00:05.000', 182, 89)
INSERT dbo.Comment(Comment_ID, Comment_text, Comment_date, User_ID, Video_ID) VALUES (169, N'Culpa velit ipsa. Aut sint qui!
', '2013-04-12 06:18:28.000', 15, 28)
INSERT dbo.Comment(Comment_ID, Comment_text, Comment_date, User_ID, Video_ID) VALUES (170, N'Qui sed tempora. Modi est adipisci.', '2009-12-04 12:50:15.000', 36, 104)
INSERT dbo.Comment(Comment_ID, Comment_text, Comment_date, User_ID, Video_ID) VALUES (171, N'Excepturi reiciendis adipisci.
', '2010-06-27 05:53:34.000', 146, 51)
INSERT dbo.Comment(Comment_ID, Comment_text, Comment_date, User_ID, Video_ID) VALUES (172, N'Mollitia molestias quam. Ipsa!
', '2010-06-28 22:08:38.000', 84, 29)
INSERT dbo.Comment(Comment_ID, Comment_text, Comment_date, User_ID, Video_ID) VALUES (173, N'Est consequatur nobis. Placeat in.
', '2010-07-19 20:51:24.000', 35, 100)
INSERT dbo.Comment(Comment_ID, Comment_text, Comment_date, User_ID, Video_ID) VALUES (174, N'Possimus quod molestiae.
Nemo illo.
', '2009-01-11 04:01:17.000', 126, 104)
INSERT dbo.Comment(Comment_ID, Comment_text, Comment_date, User_ID, Video_ID) VALUES (175, N'Commodi dolorum quasi. Eos omnis.
', '2009-11-24 05:16:11.000', 15, 106)
INSERT dbo.Comment(Comment_ID, Comment_text, Comment_date, User_ID, Video_ID) VALUES (176, N'Et aut minima. Dolorem eum et. Velit.', '2011-09-04 21:12:19.000', 51, 65)
INSERT dbo.Comment(Comment_ID, Comment_text, Comment_date, User_ID, Video_ID) VALUES (177, N'Deserunt sapiente eius. Consectetur;', '2015-03-31 21:46:44.000', 147, 115)
INSERT dbo.Comment(Comment_ID, Comment_text, Comment_date, User_ID, Video_ID) VALUES (178, N'Odit iusto optio. Fugit molestiae?
', '2013-04-08 04:38:58.000', 83, 64)
INSERT dbo.Comment(Comment_ID, Comment_text, Comment_date, User_ID, Video_ID) VALUES (179, N'Provident obcaecati quia. Dolorem!
', '2012-05-23 12:40:12.000', 16, 41)
INSERT dbo.Comment(Comment_ID, Comment_text, Comment_date, User_ID, Video_ID) VALUES (180, N'Obcaecati hic non. Officia veniam.
', '2010-02-27 22:38:22.000', 165, 3)
INSERT dbo.Comment(Comment_ID, Comment_text, Comment_date, User_ID, Video_ID) VALUES (181, N'Qui alias qui. Quibusdam suscipit;
', '2009-01-01 01:15:05.000', 37, 105)
INSERT dbo.Comment(Comment_ID, Comment_text, Comment_date, User_ID, Video_ID) VALUES (182, N'Inventore ea libero; delectus sapiente;', '2014-06-24 23:11:19.000', 127, 23)
INSERT dbo.Comment(Comment_ID, Comment_text, Comment_date, User_ID, Video_ID) VALUES (183, N'Suscipit itaque dolore.
Vitae eaque.
', '2015-07-09 08:28:57.000', 101, 88)
INSERT dbo.Comment(Comment_ID, Comment_text, Comment_date, User_ID, Video_ID) VALUES (184, N'Qui quas et; corporis quia ut.', '2010-05-05 01:58:46.000', 122, 100)
INSERT dbo.Comment(Comment_ID, Comment_text, Comment_date, User_ID, Video_ID) VALUES (185, N'Qui et sunt. Aliquam consequatur ut?
', '2011-10-06 06:05:27.000', 102, 52)
INSERT dbo.Comment(Comment_ID, Comment_text, Comment_date, User_ID, Video_ID) VALUES (186, N'Dolorum optio et. Quidem modi.
', '2010-09-05 03:23:36.000', 148, 41)
INSERT dbo.Comment(Comment_ID, Comment_text, Comment_date, User_ID, Video_ID) VALUES (187, N'Est aperiam cum. Sit atque sequi.', '2009-01-01 00:02:47.000', 36, 88)
INSERT dbo.Comment(Comment_ID, Comment_text, Comment_date, User_ID, Video_ID) VALUES (188, N'Quas est non. Quo et velit!
', '2009-01-01 02:02:50.000', 183, 52)
INSERT dbo.Comment(Comment_ID, Comment_text, Comment_date, User_ID, Video_ID) VALUES (189, N'Id illum minus.
Optio voluptate porro.', '2009-01-01 00:27:56.000', 17, 63)
INSERT dbo.Comment(Comment_ID, Comment_text, Comment_date, User_ID, Video_ID) VALUES (190, N'Deleniti ex quisquam. Ex asperiores!', '2011-09-05 10:16:12.000', 19, 116)
INSERT dbo.Comment(Comment_ID, Comment_text, Comment_date, User_ID, Video_ID) VALUES (191, N'Eveniet et veniam. Sit perspiciatis.
', '2010-05-29 17:19:56.000', 128, 29)
INSERT dbo.Comment(Comment_ID, Comment_text, Comment_date, User_ID, Video_ID) VALUES (192, N'Sed perspiciatis beatae. Magnam.
', '2012-05-03 18:04:30.000', 123, 16)
INSERT dbo.Comment(Comment_ID, Comment_text, Comment_date, User_ID, Video_ID) VALUES (193, N'Amet dolor vero dolores consequatur.', '2009-01-02 03:27:43.000', 40, 4)
INSERT dbo.Comment(Comment_ID, Comment_text, Comment_date, User_ID, Video_ID) VALUES (194, N'Consectetur eaque non. Et mollitia.', '2009-01-01 07:11:31.000', 20, 41)
INSERT dbo.Comment(Comment_ID, Comment_text, Comment_date, User_ID, Video_ID) VALUES (195, N'Possimus dolorum sed. Sequi numquam.
', '2014-12-22 11:43:13.000', 72, 51)
INSERT dbo.Comment(Comment_ID, Comment_text, Comment_date, User_ID, Video_ID) VALUES (196, N'Fuga est qui; adipisci qui est.
', '2010-08-27 15:20:06.000', 38, 105)
INSERT dbo.Comment(Comment_ID, Comment_text, Comment_date, User_ID, Video_ID) VALUES (197, N'Culpa et delectus; est consequatur.
', '2015-07-15 18:15:52.000', 149, 52)
INSERT dbo.Comment(Comment_ID, Comment_text, Comment_date, User_ID, Video_ID) VALUES (198, N'Harum molestiae et. Accusamus eos!
', '2009-01-01 00:07:07.000', 16, 28)
INSERT dbo.Comment(Comment_ID, Comment_text, Comment_date, User_ID, Video_ID) VALUES (199, N'Aut non qui. Sed excepturi dolore.
', '2010-03-30 09:50:51.000', 52, 66)
INSERT dbo.Comment(Comment_ID, Comment_text, Comment_date, User_ID, Video_ID) VALUES (200, N'Nobis aut eius. Beatae repudiandae!
', '2009-01-01 02:03:21.000', 49, 64)
GO

--
-- Inserting data into table dbo.Dislike
--
INSERT dbo.Dislike(Disike_ID, Dislike_date, Video_ID, User_ID) VALUES (1, '2010-01-12 18:07:40.000', 109, 144)
INSERT dbo.Dislike(Disike_ID, Dislike_date, Video_ID, User_ID) VALUES (2, '2012-03-19 09:12:33.000', 10, 84)
INSERT dbo.Dislike(Disike_ID, Dislike_date, Video_ID, User_ID) VALUES (3, '2009-01-01 00:00:46.000', 89, 46)
INSERT dbo.Dislike(Disike_ID, Dislike_date, Video_ID, User_ID) VALUES (4, '2010-04-07 04:17:34.000', 120, 11)
INSERT dbo.Dislike(Disike_ID, Dislike_date, Video_ID, User_ID) VALUES (5, '2009-12-21 19:13:20.000', 48, 32)
INSERT dbo.Dislike(Disike_ID, Dislike_date, Video_ID, User_ID) VALUES (6, '2012-05-23 06:00:42.000', 10, 195)
INSERT dbo.Dislike(Disike_ID, Dislike_date, Video_ID, User_ID) VALUES (7, '2011-10-09 21:16:02.000', 10, 144)
INSERT dbo.Dislike(Disike_ID, Dislike_date, Video_ID, User_ID) VALUES (8, '2014-10-10 19:03:55.000', 119, 200)
INSERT dbo.Dislike(Disike_ID, Dislike_date, Video_ID, User_ID) VALUES (9, '2009-11-08 08:06:01.000', 23, 67)
INSERT dbo.Dislike(Disike_ID, Dislike_date, Video_ID, User_ID) VALUES (10, '2010-03-16 06:56:35.000', 23, 11)
INSERT dbo.Dislike(Disike_ID, Dislike_date, Video_ID, User_ID) VALUES (11, '2009-01-01 00:00:02.000', 120, 47)
INSERT dbo.Dislike(Disike_ID, Dislike_date, Video_ID, User_ID) VALUES (12, '2013-05-02 19:07:16.000', 89, 200)
INSERT dbo.Dislike(Disike_ID, Dislike_date, Video_ID, User_ID) VALUES (13, '2011-07-30 21:53:22.000', 120, 32)
INSERT dbo.Dislike(Disike_ID, Dislike_date, Video_ID, User_ID) VALUES (14, '2012-10-03 03:44:46.000', 11, 84)
INSERT dbo.Dislike(Disike_ID, Dislike_date, Video_ID, User_ID) VALUES (15, '2014-04-28 19:59:14.000', 11, 195)
INSERT dbo.Dislike(Disike_ID, Dislike_date, Video_ID, User_ID) VALUES (16, '2009-01-01 02:20:05.000', 54, 200)
INSERT dbo.Dislike(Disike_ID, Dislike_date, Video_ID, User_ID) VALUES (17, '2009-01-01 00:03:00.000', 54, 105)
INSERT dbo.Dislike(Disike_ID, Dislike_date, Video_ID, User_ID) VALUES (18, '2009-01-09 13:22:54.000', 48, 11)
INSERT dbo.Dislike(Disike_ID, Dislike_date, Video_ID, User_ID) VALUES (19, '2012-12-03 10:22:13.000', 110, 68)
INSERT dbo.Dislike(Disike_ID, Dislike_date, Video_ID, User_ID) VALUES (20, '2009-01-01 15:53:07.000', 89, 178)
INSERT dbo.Dislike(Disike_ID, Dislike_date, Video_ID, User_ID) VALUES (21, '2010-09-13 19:19:58.000', 36, 144)
INSERT dbo.Dislike(Disike_ID, Dislike_date, Video_ID, User_ID) VALUES (22, '2009-01-01 05:28:42.000', 24, 12)
INSERT dbo.Dislike(Disike_ID, Dislike_date, Video_ID, User_ID) VALUES (23, '2011-03-17 02:00:57.000', 24, 124)
INSERT dbo.Dislike(Disike_ID, Dislike_date, Video_ID, User_ID) VALUES (24, '2011-06-01 18:30:54.000', 48, 12)
INSERT dbo.Dislike(Disike_ID, Dislike_date, Video_ID, User_ID) VALUES (25, '2015-11-10 13:22:36.000', 120, 178)
INSERT dbo.Dislike(Disike_ID, Dislike_date, Video_ID, User_ID) VALUES (26, '2014-06-12 16:21:41.000', 54, 145)
INSERT dbo.Dislike(Disike_ID, Dislike_date, Video_ID, User_ID) VALUES (27, '2011-10-18 14:23:49.000', 36, 196)
INSERT dbo.Dislike(Disike_ID, Dislike_date, Video_ID, User_ID) VALUES (28, '2010-01-12 02:05:40.000', 77, 46)
INSERT dbo.Dislike(Disike_ID, Dislike_date, Video_ID, User_ID) VALUES (29, '2010-03-09 05:18:38.000', 12, 33)
INSERT dbo.Dislike(Disike_ID, Dislike_date, Video_ID, User_ID) VALUES (30, '2011-02-16 11:19:48.000', 77, 124)
INSERT dbo.Dislike(Disike_ID, Dislike_date, Video_ID, User_ID) VALUES (31, '2014-04-21 22:58:35.000', 25, 125)
INSERT dbo.Dislike(Disike_ID, Dislike_date, Video_ID, User_ID) VALUES (32, '2009-01-01 00:00:08.000', 90, 48)
INSERT dbo.Dislike(Disike_ID, Dislike_date, Video_ID, User_ID) VALUES (33, '2010-06-16 15:44:44.000', 49, 124)
INSERT dbo.Dislike(Disike_ID, Dislike_date, Video_ID, User_ID) VALUES (34, '2009-11-21 12:22:37.000', 120, 33)
INSERT dbo.Dislike(Disike_ID, Dislike_date, Video_ID, User_ID) VALUES (35, '2017-01-21 22:21:31.000', 109, 69)
INSERT dbo.Dislike(Disike_ID, Dislike_date, Video_ID, User_ID) VALUES (36, '2009-01-01 00:21:08.000', 78, 85)
INSERT dbo.Dislike(Disike_ID, Dislike_date, Video_ID, User_ID) VALUES (37, '2009-11-09 15:50:40.000', 67, 196)
INSERT dbo.Dislike(Disike_ID, Dislike_date, Video_ID, User_ID) VALUES (38, '2013-09-07 16:46:51.000', 36, 179)
INSERT dbo.Dislike(Disike_ID, Dislike_date, Video_ID, User_ID) VALUES (39, '2017-03-10 15:19:59.000', 90, 13)
INSERT dbo.Dislike(Disike_ID, Dislike_date, Video_ID, User_ID) VALUES (40, '2010-06-30 15:56:44.000', 101, 32)
INSERT dbo.Dislike(Disike_ID, Dislike_date, Video_ID, User_ID) VALUES (41, '2010-09-13 13:41:33.000', 67, 106)
INSERT dbo.Dislike(Disike_ID, Dislike_date, Video_ID, User_ID) VALUES (42, '2015-11-12 21:38:37.000', 37, 13)
INSERT dbo.Dislike(Disike_ID, Dislike_date, Video_ID, User_ID) VALUES (43, '2009-01-01 15:09:41.000', 120, 105)
INSERT dbo.Dislike(Disike_ID, Dislike_date, Video_ID, User_ID) VALUES (44, '2010-09-12 06:38:33.000', 55, 179)
INSERT dbo.Dislike(Disike_ID, Dislike_date, Video_ID, User_ID) VALUES (45, '2010-02-26 17:43:10.000', 120, 85)
INSERT dbo.Dislike(Disike_ID, Dislike_date, Video_ID, User_ID) VALUES (46, '2015-12-20 18:31:06.000', 49, 49)
INSERT dbo.Dislike(Disike_ID, Dislike_date, Video_ID, User_ID) VALUES (47, '2009-01-01 00:06:12.000', 37, 197)
INSERT dbo.Dislike(Disike_ID, Dislike_date, Video_ID, User_ID) VALUES (48, '2010-07-16 10:14:57.000', 49, 180)
INSERT dbo.Dislike(Disike_ID, Dislike_date, Video_ID, User_ID) VALUES (49, '2010-04-26 07:54:12.000', 119, 86)
INSERT dbo.Dislike(Disike_ID, Dislike_date, Video_ID, User_ID) VALUES (50, '2013-06-06 04:26:42.000', 50, 145)
INSERT dbo.Dislike(Disike_ID, Dislike_date, Video_ID, User_ID) VALUES (51, '2009-01-01 00:00:08.000', 50, 125)
INSERT dbo.Dislike(Disike_ID, Dislike_date, Video_ID, User_ID) VALUES (52, '2014-11-27 00:22:43.000', 37, 198)
INSERT dbo.Dislike(Disike_ID, Dislike_date, Video_ID, User_ID) VALUES (53, '2014-10-10 17:56:04.000', 78, 197)
INSERT dbo.Dislike(Disike_ID, Dislike_date, Video_ID, User_ID) VALUES (54, '2010-02-01 18:19:39.000', 12, 34)
INSERT dbo.Dislike(Disike_ID, Dislike_date, Video_ID, User_ID) VALUES (55, '2009-11-12 09:08:34.000', 25, 107)
INSERT dbo.Dislike(Disike_ID, Dislike_date, Video_ID, User_ID) VALUES (56, '2009-01-01 00:49:34.000', 38, 181)
INSERT dbo.Dislike(Disike_ID, Dislike_date, Video_ID, User_ID) VALUES (57, '2009-01-01 00:00:20.000', 110, 12)
INSERT dbo.Dislike(Disike_ID, Dislike_date, Video_ID, User_ID) VALUES (58, '2010-06-08 20:59:36.000', 67, 199)
INSERT dbo.Dislike(Disike_ID, Dislike_date, Video_ID, User_ID) VALUES (59, '2013-08-29 22:37:32.000', 13, 146)
INSERT dbo.Dislike(Disike_ID, Dislike_date, Video_ID, User_ID) VALUES (60, '2015-07-26 05:36:50.000', 13, 34)
INSERT dbo.Dislike(Disike_ID, Dislike_date, Video_ID, User_ID) VALUES (61, '2013-08-16 19:35:46.000', 111, 70)
INSERT dbo.Dislike(Disike_ID, Dislike_date, Video_ID, User_ID) VALUES (62, '2013-10-11 02:02:09.000', 102, 14)
INSERT dbo.Dislike(Disike_ID, Dislike_date, Video_ID, User_ID) VALUES (63, '2011-07-12 18:20:28.000', 77, 35)
INSERT dbo.Dislike(Disike_ID, Dislike_date, Video_ID, User_ID) VALUES (64, '2009-12-08 01:17:29.000', 91, 180)
INSERT dbo.Dislike(Disike_ID, Dislike_date, Video_ID, User_ID) VALUES (65, '2015-10-22 13:11:45.000', 1, 87)
INSERT dbo.Dislike(Disike_ID, Dislike_date, Video_ID, User_ID) VALUES (66, '2013-05-15 17:12:08.000', 26, 198)
INSERT dbo.Dislike(Disike_ID, Dislike_date, Video_ID, User_ID) VALUES (67, '2010-08-27 01:41:19.000', 55, 67)
INSERT dbo.Dislike(Disike_ID, Dislike_date, Video_ID, User_ID) VALUES (68, '2009-12-27 03:02:54.000', 54, 33)
INSERT dbo.Dislike(Disike_ID, Dislike_date, Video_ID, User_ID) VALUES (69, '2009-12-05 20:04:57.000', 55, 108)
INSERT dbo.Dislike(Disike_ID, Dislike_date, Video_ID, User_ID) VALUES (70, '2009-01-01 00:01:38.000', 79, 146)
INSERT dbo.Dislike(Disike_ID, Dislike_date, Video_ID, User_ID) VALUES (71, '2009-01-01 00:06:30.000', 101, 106)
INSERT dbo.Dislike(Disike_ID, Dislike_date, Video_ID, User_ID) VALUES (72, '2009-01-01 00:00:46.000', 68, 14)
INSERT dbo.Dislike(Disike_ID, Dislike_date, Video_ID, User_ID) VALUES (73, '2011-10-13 17:11:13.000', 38, 46)
INSERT dbo.Dislike(Disike_ID, Dislike_date, Video_ID, User_ID) VALUES (74, '2009-01-01 22:42:21.000', 56, 15)
INSERT dbo.Dislike(Disike_ID, Dislike_date, Video_ID, User_ID) VALUES (75, '2010-02-23 18:23:51.000', 91, 47)
INSERT dbo.Dislike(Disike_ID, Dislike_date, Video_ID, User_ID) VALUES (76, '2009-01-01 00:00:05.000', 14, 126)
INSERT dbo.Dislike(Disike_ID, Dislike_date, Video_ID, User_ID) VALUES (77, '2011-05-15 11:57:05.000', 92, 88)
INSERT dbo.Dislike(Disike_ID, Dislike_date, Video_ID, User_ID) VALUES (78, '2009-01-01 00:08:27.000', 2, 182)
INSERT dbo.Dislike(Disike_ID, Dislike_date, Video_ID, User_ID) VALUES (79, '2011-01-04 17:57:38.000', 54, 109)
INSERT dbo.Dislike(Disike_ID, Dislike_date, Video_ID, User_ID) VALUES (80, '2011-05-31 04:13:55.000', 39, 13)
INSERT dbo.Dislike(Disike_ID, Dislike_date, Video_ID, User_ID) VALUES (81, '2009-01-01 08:46:52.000', 15, 36)
INSERT dbo.Dislike(Disike_ID, Dislike_date, Video_ID, User_ID) VALUES (82, '2009-01-01 01:38:39.000', 23, 181)
INSERT dbo.Dislike(Disike_ID, Dislike_date, Video_ID, User_ID) VALUES (83, '2009-01-01 07:28:46.000', 112, 35)
INSERT dbo.Dislike(Disike_ID, Dislike_date, Video_ID, User_ID) VALUES (84, '2009-01-01 00:00:02.000', 11, 126)
INSERT dbo.Dislike(Disike_ID, Dislike_date, Video_ID, User_ID) VALUES (85, '2009-01-02 15:15:12.000', 80, 147)
INSERT dbo.Dislike(Disike_ID, Dislike_date, Video_ID, User_ID) VALUES (86, '2010-02-22 17:17:38.000', 50, 89)
INSERT dbo.Dislike(Disike_ID, Dislike_date, Video_ID, User_ID) VALUES (87, '2010-01-19 18:43:36.000', 68, 15)
INSERT dbo.Dislike(Disike_ID, Dislike_date, Video_ID, User_ID) VALUES (88, '2009-01-01 00:00:02.000', 103, 145)
INSERT dbo.Dislike(Disike_ID, Dislike_date, Video_ID, User_ID) VALUES (89, '2009-01-09 07:03:26.000', 26, 86)
INSERT dbo.Dislike(Disike_ID, Dislike_date, Video_ID, User_ID) VALUES (90, '2012-06-12 23:56:24.000', 67, 127)
INSERT dbo.Dislike(Disike_ID, Dislike_date, Video_ID, User_ID) VALUES (91, '2010-04-15 21:06:17.000', 113, 199)
INSERT dbo.Dislike(Disike_ID, Dislike_date, Video_ID, User_ID) VALUES (92, '2009-12-08 16:00:00.000', 90, 68)
INSERT dbo.Dislike(Disike_ID, Dislike_date, Video_ID, User_ID) VALUES (93, '2011-10-12 13:40:28.000', 56, 16)
INSERT dbo.Dislike(Disike_ID, Dislike_date, Video_ID, User_ID) VALUES (94, '2010-03-10 22:30:30.000', 55, 182)
INSERT dbo.Dislike(Disike_ID, Dislike_date, Video_ID, User_ID) VALUES (95, '2010-11-21 15:26:00.000', 1, 148)
INSERT dbo.Dislike(Disike_ID, Dislike_date, Video_ID, User_ID) VALUES (96, '2009-01-01 10:45:37.000', 39, 110)
INSERT dbo.Dislike(Disike_ID, Dislike_date, Video_ID, User_ID) VALUES (97, '2009-01-01 00:44:32.000', 54, 128)
INSERT dbo.Dislike(Disike_ID, Dislike_date, Video_ID, User_ID) VALUES (98, '2014-03-11 18:51:07.000', 68, 67)
INSERT dbo.Dislike(Disike_ID, Dislike_date, Video_ID, User_ID) VALUES (99, '2009-01-01 00:01:18.000', 24, 107)
INSERT dbo.Dislike(Disike_ID, Dislike_date, Video_ID, User_ID) VALUES (100, '2012-01-01 12:32:27.000', 27, 48)
INSERT dbo.Dislike(Disike_ID, Dislike_date, Video_ID, User_ID) VALUES (101, '2011-08-13 07:50:37.000', 79, 90)
INSERT dbo.Dislike(Disike_ID, Dislike_date, Video_ID, User_ID) VALUES (102, '2009-12-15 00:28:29.000', 56, 50)
INSERT dbo.Dislike(Disike_ID, Dislike_date, Video_ID, User_ID) VALUES (103, '2010-06-29 17:06:19.000', 92, 69)
INSERT dbo.Dislike(Disike_ID, Dislike_date, Video_ID, User_ID) VALUES (104, '2016-05-30 15:30:23.000', 14, 111)
INSERT dbo.Dislike(Disike_ID, Dislike_date, Video_ID, User_ID) VALUES (105, '2013-02-07 17:45:07.000', 93, 34)
INSERT dbo.Dislike(Disike_ID, Dislike_date, Video_ID, User_ID) VALUES (106, '2010-06-09 05:13:59.000', 27, 165)
INSERT dbo.Dislike(Disike_ID, Dislike_date, Video_ID, User_ID) VALUES (107, '2014-12-27 23:26:53.000', 2, 36)
INSERT dbo.Dislike(Disike_ID, Dislike_date, Video_ID, User_ID) VALUES (108, '2009-01-01 00:00:07.000', 67, 183)
INSERT dbo.Dislike(Disike_ID, Dislike_date, Video_ID, User_ID) VALUES (109, '2010-01-16 04:01:46.000', 104, 166)
INSERT dbo.Dislike(Disike_ID, Dislike_date, Video_ID, User_ID) VALUES (110, '2009-01-01 00:00:48.000', 38, 125)
INSERT dbo.Dislike(Disike_ID, Dislike_date, Video_ID, User_ID) VALUES (111, '2009-01-01 02:55:53.000', 26, 87)
INSERT dbo.Dislike(Disike_ID, Dislike_date, Video_ID, User_ID) VALUES (112, '2016-08-12 20:56:50.000', 81, 146)
INSERT dbo.Dislike(Disike_ID, Dislike_date, Video_ID, User_ID) VALUES (113, '2009-12-07 04:44:03.000', 15, 49)
INSERT dbo.Dislike(Disike_ID, Dislike_date, Video_ID, User_ID) VALUES (114, '2009-01-01 01:37:17.000', 78, 37)
INSERT dbo.Dislike(Disike_ID, Dislike_date, Video_ID, User_ID) VALUES (115, '2010-04-06 21:17:28.000', 40, 71)
INSERT dbo.Dislike(Disike_ID, Dislike_date, Video_ID, User_ID) VALUES (116, '2009-01-01 21:38:19.000', 28, 108)
INSERT dbo.Dislike(Disike_ID, Dislike_date, Video_ID, User_ID) VALUES (117, '2009-01-11 21:36:54.000', 69, 14)
INSERT dbo.Dislike(Disike_ID, Dislike_date, Video_ID, User_ID) VALUES (118, '2010-08-26 19:53:02.000', 3, 47)
INSERT dbo.Dislike(Disike_ID, Dislike_date, Video_ID, User_ID) VALUES (119, '2014-08-02 20:56:02.000', 41, 91)
INSERT dbo.Dislike(Disike_ID, Dislike_date, Video_ID, User_ID) VALUES (120, '2009-01-01 00:39:49.000', 67, 88)
INSERT dbo.Dislike(Disike_ID, Dislike_date, Video_ID, User_ID) VALUES (121, '2011-10-31 07:51:48.000', 94, 109)
INSERT dbo.Dislike(Disike_ID, Dislike_date, Video_ID, User_ID) VALUES (122, '2013-09-21 23:26:00.000', 3, 149)
INSERT dbo.Dislike(Disike_ID, Dislike_date, Video_ID, User_ID) VALUES (123, '2010-07-08 12:56:48.000', 82, 184)
INSERT dbo.Dislike(Disike_ID, Dislike_date, Video_ID, User_ID) VALUES (124, '2011-11-15 07:18:34.000', 111, 89)
INSERT dbo.Dislike(Disike_ID, Dislike_date, Video_ID, User_ID) VALUES (125, '2010-04-08 21:25:56.000', 102, 165)
INSERT dbo.Dislike(Disike_ID, Dislike_date, Video_ID, User_ID) VALUES (126, '2011-10-26 10:21:00.000', 39, 51)
INSERT dbo.Dislike(Disike_ID, Dislike_date, Video_ID, User_ID) VALUES (127, '2011-10-04 03:40:59.000', 69, 110)
INSERT dbo.Dislike(Disike_ID, Dislike_date, Video_ID, User_ID) VALUES (128, '2009-01-01 19:56:25.000', 16, 90)
INSERT dbo.Dislike(Disike_ID, Dislike_date, Video_ID, User_ID) VALUES (129, '2009-01-01 00:00:08.000', 114, 167)
INSERT dbo.Dislike(Disike_ID, Dislike_date, Video_ID, User_ID) VALUES (130, '2011-06-27 05:45:24.000', 4, 16)
INSERT dbo.Dislike(Disike_ID, Dislike_date, Video_ID, User_ID) VALUES (131, '2009-01-05 06:03:59.000', 12, 126)
INSERT dbo.Dislike(Disike_ID, Dislike_date, Video_ID, User_ID) VALUES (132, '2009-01-01 00:05:30.000', 91, 147)
INSERT dbo.Dislike(Disike_ID, Dislike_date, Video_ID, User_ID) VALUES (133, '2012-01-01 01:54:54.000', 25, 112)
INSERT dbo.Dislike(Disike_ID, Dislike_date, Video_ID, User_ID) VALUES (134, '2014-12-06 17:38:12.000', 40, 185)
INSERT dbo.Dislike(Disike_ID, Dislike_date, Video_ID, User_ID) VALUES (135, '2009-01-01 03:59:52.000', 17, 35)
INSERT dbo.Dislike(Disike_ID, Dislike_date, Video_ID, User_ID) VALUES (136, '2009-01-01 01:19:03.000', 5, 168)
INSERT dbo.Dislike(Disike_ID, Dislike_date, Video_ID, User_ID) VALUES (137, '2011-09-23 07:58:06.000', 69, 111)
INSERT dbo.Dislike(Disike_ID, Dislike_date, Video_ID, User_ID) VALUES (138, '2010-03-04 23:56:11.000', 28, 91)
INSERT dbo.Dislike(Disike_ID, Dislike_date, Video_ID, User_ID) VALUES (139, '2009-01-01 00:00:02.000', 16, 92)
INSERT dbo.Dislike(Disike_ID, Dislike_date, Video_ID, User_ID) VALUES (140, '2009-01-01 00:00:01.000', 105, 15)
INSERT dbo.Dislike(Disike_ID, Dislike_date, Video_ID, User_ID) VALUES (141, '2011-09-04 09:32:00.000', 29, 70)
INSERT dbo.Dislike(Disike_ID, Dislike_date, Video_ID, User_ID) VALUES (142, '2010-01-15 19:35:42.000', 27, 72)
INSERT dbo.Dislike(Disike_ID, Dislike_date, Video_ID, User_ID) VALUES (143, '2016-07-16 13:36:22.000', 4, 17)
INSERT dbo.Dislike(Disike_ID, Dislike_date, Video_ID, User_ID) VALUES (144, '2014-07-05 11:59:19.000', 112, 129)
INSERT dbo.Dislike(Disike_ID, Dislike_date, Video_ID, User_ID) VALUES (145, '2016-01-01 13:42:36.000', 18, 50)
INSERT dbo.Dislike(Disike_ID, Dislike_date, Video_ID, User_ID) VALUES (146, '2011-01-30 19:03:13.000', 6, 37)
INSERT dbo.Dislike(Disike_ID, Dislike_date, Video_ID, User_ID) VALUES (147, '2010-04-09 18:51:14.000', 57, 147)
INSERT dbo.Dislike(Disike_ID, Dislike_date, Video_ID, User_ID) VALUES (148, '2012-09-03 10:43:30.000', 68, 127)
INSERT dbo.Dislike(Disike_ID, Dislike_date, Video_ID, User_ID) VALUES (149, '2013-09-19 14:40:17.000', 80, 68)
INSERT dbo.Dislike(Disike_ID, Dislike_date, Video_ID, User_ID) VALUES (150, '2009-01-01 00:00:04.000', 40, 48)
INSERT dbo.Dislike(Disike_ID, Dislike_date, Video_ID, User_ID) VALUES (151, '2010-08-08 16:02:16.000', 28, 112)
INSERT dbo.Dislike(Disike_ID, Dislike_date, Video_ID, User_ID) VALUES (152, '2015-12-23 02:27:37.000', 19, 38)
INSERT dbo.Dislike(Disike_ID, Dislike_date, Video_ID, User_ID) VALUES (153, '2009-01-01 00:01:29.000', 115, 18)
INSERT dbo.Dislike(Disike_ID, Dislike_date, Video_ID, User_ID) VALUES (154, '2012-10-03 08:03:58.000', 93, 186)
INSERT dbo.Dislike(Disike_ID, Dislike_date, Video_ID, User_ID) VALUES (155, '2009-01-01 00:37:25.000', 103, 148)
INSERT dbo.Dislike(Disike_ID, Dislike_date, Video_ID, User_ID) VALUES (156, '2009-01-01 00:01:15.000', 57, 169)
INSERT dbo.Dislike(Disike_ID, Dislike_date, Video_ID, User_ID) VALUES (157, '2016-01-13 15:21:34.000', 113, 187)
INSERT dbo.Dislike(Disike_ID, Dislike_date, Video_ID, User_ID) VALUES (158, '2010-11-09 12:37:29.000', 106, 71)
INSERT dbo.Dislike(Disike_ID, Dislike_date, Video_ID, User_ID) VALUES (159, '2009-01-01 00:00:14.000', 55, 170)
INSERT dbo.Dislike(Disike_ID, Dislike_date, Video_ID, User_ID) VALUES (160, '2012-03-25 02:21:40.000', 13, 92)
INSERT dbo.Dislike(Disike_ID, Dislike_date, Video_ID, User_ID) VALUES (161, '2009-01-01 00:01:49.000', 81, 39)
INSERT dbo.Dislike(Disike_ID, Dislike_date, Video_ID, User_ID) VALUES (162, '2009-01-01 00:29:41.000', 116, 19)
INSERT dbo.Dislike(Disike_ID, Dislike_date, Video_ID, User_ID) VALUES (163, '2015-02-08 15:02:04.000', 41, 113)
INSERT dbo.Dislike(Disike_ID, Dislike_date, Video_ID, User_ID) VALUES (164, '2009-01-01 01:30:51.000', 104, 113)
INSERT dbo.Dislike(Disike_ID, Dislike_date, Video_ID, User_ID) VALUES (165, '2009-01-01 00:00:04.000', 42, 128)
INSERT dbo.Dislike(Disike_ID, Dislike_date, Video_ID, User_ID) VALUES (166, '2010-12-01 13:47:55.000', 17, 17)
INSERT dbo.Dislike(Disike_ID, Dislike_date, Video_ID, User_ID) VALUES (167, '2010-04-24 12:05:36.000', 107, 150)
INSERT dbo.Dislike(Disike_ID, Dislike_date, Video_ID, User_ID) VALUES (168, '2010-02-15 13:37:13.000', 30, 93)
INSERT dbo.Dislike(Disike_ID, Dislike_date, Video_ID, User_ID) VALUES (169, '2016-07-06 15:20:38.000', 29, 149)
INSERT dbo.Dislike(Disike_ID, Dislike_date, Video_ID, User_ID) VALUES (170, '2009-01-02 18:08:57.000', 41, 51)
INSERT dbo.Dislike(Disike_ID, Dislike_date, Video_ID, User_ID) VALUES (171, '2011-10-11 20:31:51.000', 57, 52)
INSERT dbo.Dislike(Disike_ID, Dislike_date, Video_ID, User_ID) VALUES (172, '2012-12-06 01:15:04.000', 42, 40)
INSERT dbo.Dislike(Disike_ID, Dislike_date, Video_ID, User_ID) VALUES (173, '2010-02-03 04:28:18.000', 114, 188)
INSERT dbo.Dislike(Disike_ID, Dislike_date, Video_ID, User_ID) VALUES (174, '2009-01-01 00:07:29.000', 70, 114)
INSERT dbo.Dislike(Disike_ID, Dislike_date, Video_ID, User_ID) VALUES (175, '2009-01-10 20:35:41.000', 7, 130)
INSERT dbo.Dislike(Disike_ID, Dislike_date, Video_ID, User_ID) VALUES (176, '2010-09-23 00:41:38.000', 29, 69)
INSERT dbo.Dislike(Disike_ID, Dislike_date, Video_ID, User_ID) VALUES (177, '2010-05-28 18:40:51.000', 95, 93)
INSERT dbo.Dislike(Disike_ID, Dislike_date, Video_ID, User_ID) VALUES (178, '2014-04-18 01:19:39.000', 43, 38)
INSERT dbo.Dislike(Disike_ID, Dislike_date, Video_ID, User_ID) VALUES (179, '2009-11-16 06:03:29.000', 20, 36)
INSERT dbo.Dislike(Disike_ID, Dislike_date, Video_ID, User_ID) VALUES (180, '2009-01-01 01:10:36.000', 5, 151)
INSERT dbo.Dislike(Disike_ID, Dislike_date, Video_ID, User_ID) VALUES (181, '2012-01-05 19:17:06.000', 18, 171)
INSERT dbo.Dislike(Disike_ID, Dislike_date, Video_ID, User_ID) VALUES (182, '2010-04-05 06:38:08.000', 68, 94)
INSERT dbo.Dislike(Disike_ID, Dislike_date, Video_ID, User_ID) VALUES (183, '2010-02-21 02:12:29.000', 31, 18)
INSERT dbo.Dislike(Disike_ID, Dislike_date, Video_ID, User_ID) VALUES (184, '2013-02-10 19:53:33.000', 105, 49)
INSERT dbo.Dislike(Disike_ID, Dislike_date, Video_ID, User_ID) VALUES (185, '2010-07-19 15:20:55.000', 8, 129)
INSERT dbo.Dislike(Disike_ID, Dislike_date, Video_ID, User_ID) VALUES (186, '2014-08-14 03:57:23.000', 56, 183)
INSERT dbo.Dislike(Disike_ID, Dislike_date, Video_ID, User_ID) VALUES (187, '2015-09-28 18:19:31.000', 30, 166)
INSERT dbo.Dislike(Disike_ID, Dislike_date, Video_ID, User_ID) VALUES (188, '2009-01-01 00:00:04.000', 69, 39)
INSERT dbo.Dislike(Disike_ID, Dislike_date, Video_ID, User_ID) VALUES (189, '2009-01-02 01:47:15.000', 58, 20)
INSERT dbo.Dislike(Disike_ID, Dislike_date, Video_ID, User_ID) VALUES (190, '2009-01-01 00:00:08.000', 94, 115)
INSERT dbo.Dislike(Disike_ID, Dislike_date, Video_ID, User_ID) VALUES (191, '2009-01-01 00:01:18.000', 43, 16)
INSERT dbo.Dislike(Disike_ID, Dislike_date, Video_ID, User_ID) VALUES (192, '2010-04-29 22:15:37.000', 31, 184)
INSERT dbo.Dislike(Disike_ID, Dislike_date, Video_ID, User_ID) VALUES (193, '2009-01-01 00:12:57.000', 1, 167)
INSERT dbo.Dislike(Disike_ID, Dislike_date, Video_ID, User_ID) VALUES (194, '2015-04-13 22:43:00.000', 55, 185)
INSERT dbo.Dislike(Disike_ID, Dislike_date, Video_ID, User_ID) VALUES (195, '2010-10-09 16:53:08.000', 56, 150)
INSERT dbo.Dislike(Disike_ID, Dislike_date, Video_ID, User_ID) VALUES (196, '2009-01-01 01:36:51.000', 44, 168)
INSERT dbo.Dislike(Disike_ID, Dislike_date, Video_ID, User_ID) VALUES (197, '2013-01-25 09:25:50.000', 79, 114)
INSERT dbo.Dislike(Disike_ID, Dislike_date, Video_ID, User_ID) VALUES (198, '2010-11-28 18:54:51.000', 6, 37)
INSERT dbo.Dislike(Disike_ID, Dislike_date, Video_ID, User_ID) VALUES (199, '2010-11-16 12:16:26.000', 82, 186)
INSERT dbo.Dislike(Disike_ID, Dislike_date, Video_ID, User_ID) VALUES (200, '2009-01-01 00:00:01.000', 57, 189)
GO

--
-- Inserting data into table dbo.[Like]
--
INSERT dbo.[Like](Like_ID, Like_date, User_ID, Video_ID) VALUES (1, '2011-02-14 19:20:35.000', 5, 120)
INSERT dbo.[Like](Like_ID, Like_date, User_ID, Video_ID) VALUES (2, '2009-01-01 02:08:37.000', 150, 90)
INSERT dbo.[Like](Like_ID, Like_date, User_ID, Video_ID) VALUES (3, '2010-05-16 21:44:21.000', 5, 34)
INSERT dbo.[Like](Like_ID, Like_date, User_ID, Video_ID) VALUES (4, '2009-01-01 00:01:35.000', 191, 115)
INSERT dbo.[Like](Like_ID, Like_date, User_ID, Video_ID) VALUES (5, '2017-05-16 00:52:59.000', 200, 34)
INSERT dbo.[Like](Like_ID, Like_date, User_ID, Video_ID) VALUES (6, '2015-02-18 10:38:19.000', 150, 120)
INSERT dbo.[Like](Like_ID, Like_date, User_ID, Video_ID) VALUES (7, '2009-11-22 13:06:38.000', 96, 106)
INSERT dbo.[Like](Like_ID, Like_date, User_ID, Video_ID) VALUES (8, '2009-01-01 00:00:07.000', 191, 120)
INSERT dbo.[Like](Like_ID, Like_date, User_ID, Video_ID) VALUES (9, '2010-04-10 20:03:23.000', 5, 90)
INSERT dbo.[Like](Like_ID, Like_date, User_ID, Video_ID) VALUES (10, '2010-02-12 18:16:54.000', 26, 24)
INSERT dbo.[Like](Like_ID, Like_date, User_ID, Video_ID) VALUES (11, '2010-01-30 05:52:10.000', 117, 90)
INSERT dbo.[Like](Like_ID, Like_date, User_ID, Video_ID) VALUES (12, '2009-01-01 00:00:09.000', 53, 12)
INSERT dbo.[Like](Like_ID, Like_date, User_ID, Video_ID) VALUES (13, '2009-12-23 06:53:46.000', 26, 120)
INSERT dbo.[Like](Like_ID, Like_date, User_ID, Video_ID) VALUES (14, '2010-03-24 17:32:23.000', 96, 34)
INSERT dbo.[Like](Like_ID, Like_date, User_ID, Video_ID) VALUES (15, '2009-11-07 08:06:52.000', 6, 72)
INSERT dbo.[Like](Like_ID, Like_date, User_ID, Video_ID) VALUES (16, '2009-01-01 14:35:26.000', 130, 25)
INSERT dbo.[Like](Like_ID, Like_date, User_ID, Video_ID) VALUES (17, '2010-11-27 05:35:33.000', 96, 72)
INSERT dbo.[Like](Like_ID, Like_date, User_ID, Video_ID) VALUES (18, '2014-09-16 12:06:37.000', 174, 90)
INSERT dbo.[Like](Like_ID, Like_date, User_ID, Video_ID) VALUES (19, '2014-11-27 18:35:53.000', 53, 120)
INSERT dbo.[Like](Like_ID, Like_date, User_ID, Video_ID) VALUES (20, '2015-10-10 00:23:57.000', 74, 47)
INSERT dbo.[Like](Like_ID, Like_date, User_ID, Video_ID) VALUES (21, '2009-01-01 04:42:23.000', 53, 60)
INSERT dbo.[Like](Like_ID, Like_date, User_ID, Video_ID) VALUES (22, '2009-01-01 00:01:10.000', 174, 120)
INSERT dbo.[Like](Like_ID, Like_date, User_ID, Video_ID) VALUES (23, '2009-01-01 00:02:36.000', 96, 116)
INSERT dbo.[Like](Like_ID, Like_date, User_ID, Video_ID) VALUES (24, '2010-04-30 00:10:09.000', 27, 35)
INSERT dbo.[Like](Like_ID, Like_date, User_ID, Video_ID) VALUES (25, '2009-01-01 01:46:30.000', 97, 13)
INSERT dbo.[Like](Like_ID, Like_date, User_ID, Video_ID) VALUES (26, '2010-08-26 17:52:20.000', 151, 24)
INSERT dbo.[Like](Like_ID, Like_date, User_ID, Video_ID) VALUES (27, '2009-01-01 00:00:06.000', 130, 34)
INSERT dbo.[Like](Like_ID, Like_date, User_ID, Video_ID) VALUES (28, '2009-01-01 00:00:10.000', 117, 107)
INSERT dbo.[Like](Like_ID, Like_date, User_ID, Video_ID) VALUES (29, '2011-12-31 19:37:57.000', 192, 90)
INSERT dbo.[Like](Like_ID, Like_date, User_ID, Video_ID) VALUES (30, '2010-04-03 22:27:19.000', 7, 1)
INSERT dbo.[Like](Like_ID, Like_date, User_ID, Video_ID) VALUES (31, '2010-01-20 21:39:14.000', 192, 47)
INSERT dbo.[Like](Like_ID, Like_date, User_ID, Video_ID) VALUES (32, '2015-09-13 04:02:05.000', 151, 48)
INSERT dbo.[Like](Like_ID, Like_date, User_ID, Video_ID) VALUES (33, '2009-01-01 00:00:01.000', 175, 115)
INSERT dbo.[Like](Like_ID, Like_date, User_ID, Video_ID) VALUES (34, '2009-01-01 01:00:03.000', 117, 12)
INSERT dbo.[Like](Like_ID, Like_date, User_ID, Video_ID) VALUES (35, '2009-01-01 00:00:38.000', 193, 72)
INSERT dbo.[Like](Like_ID, Like_date, User_ID, Video_ID) VALUES (36, '2010-08-23 03:57:50.000', 6, 120)
INSERT dbo.[Like](Like_ID, Like_date, User_ID, Video_ID) VALUES (37, '2011-10-14 06:55:19.000', 27, 72)
INSERT dbo.[Like](Like_ID, Like_date, User_ID, Video_ID) VALUES (38, '2010-03-10 22:14:15.000', 117, 117)
INSERT dbo.[Like](Like_ID, Like_date, User_ID, Video_ID) VALUES (39, '2009-01-01 00:50:05.000', 131, 108)
INSERT dbo.[Like](Like_ID, Like_date, User_ID, Video_ID) VALUES (40, '2009-11-11 20:17:32.000', 74, 34)
INSERT dbo.[Like](Like_ID, Like_date, User_ID, Video_ID) VALUES (41, '2009-01-01 00:00:48.000', 26, 14)
INSERT dbo.[Like](Like_ID, Like_date, User_ID, Video_ID) VALUES (42, '2009-01-01 00:00:56.000', 97, 60)
INSERT dbo.[Like](Like_ID, Like_date, User_ID, Video_ID) VALUES (43, '2009-01-01 00:00:01.000', 131, 25)
INSERT dbo.[Like](Like_ID, Like_date, User_ID, Video_ID) VALUES (44, '2017-05-31 08:24:31.000', 54, 13)
INSERT dbo.[Like](Like_ID, Like_date, User_ID, Video_ID) VALUES (45, '2010-10-13 14:19:16.000', 176, 120)
INSERT dbo.[Like](Like_ID, Like_date, User_ID, Video_ID) VALUES (46, '2013-05-01 00:49:09.000', 97, 78)
INSERT dbo.[Like](Like_ID, Like_date, User_ID, Video_ID) VALUES (47, '2010-03-01 19:32:26.000', 74, 78)
INSERT dbo.[Like](Like_ID, Like_date, User_ID, Video_ID) VALUES (48, '2016-06-12 14:07:15.000', 152, 106)
INSERT dbo.[Like](Like_ID, Like_date, User_ID, Video_ID) VALUES (49, '2010-02-05 21:37:31.000', 7, 1)
INSERT dbo.[Like](Like_ID, Like_date, User_ID, Video_ID) VALUES (50, '2014-08-10 22:30:58.000', 28, 34)
INSERT dbo.[Like](Like_ID, Like_date, User_ID, Video_ID) VALUES (51, '2010-10-10 19:02:23.000', 28, 116)
INSERT dbo.[Like](Like_ID, Like_date, User_ID, Video_ID) VALUES (52, '2009-01-01 02:17:33.000', 118, 78)
INSERT dbo.[Like](Like_ID, Like_date, User_ID, Video_ID) VALUES (53, '2010-02-25 12:16:45.000', 132, 73)
INSERT dbo.[Like](Like_ID, Like_date, User_ID, Video_ID) VALUES (54, '2015-03-18 07:07:05.000', 152, 36)
INSERT dbo.[Like](Like_ID, Like_date, User_ID, Video_ID) VALUES (55, '2009-01-01 00:00:03.000', 153, 47)
INSERT dbo.[Like](Like_ID, Like_date, User_ID, Video_ID) VALUES (56, '2010-02-07 03:20:05.000', 98, 120)
INSERT dbo.[Like](Like_ID, Like_date, User_ID, Video_ID) VALUES (57, '2012-02-27 08:36:58.000', 194, 120)
INSERT dbo.[Like](Like_ID, Like_date, User_ID, Video_ID) VALUES (58, '2013-03-31 22:03:00.000', 119, 107)
INSERT dbo.[Like](Like_ID, Like_date, User_ID, Video_ID) VALUES (59, '2010-11-27 19:33:24.000', 118, 35)
INSERT dbo.[Like](Like_ID, Like_date, User_ID, Video_ID) VALUES (60, '2010-04-23 17:18:50.000', 75, 90)
INSERT dbo.[Like](Like_ID, Like_date, User_ID, Video_ID) VALUES (61, '2009-01-01 00:00:04.000', 55, 2)
INSERT dbo.[Like](Like_ID, Like_date, User_ID, Video_ID) VALUES (62, '2009-01-01 04:51:05.000', 133, 117)
INSERT dbo.[Like](Like_ID, Like_date, User_ID, Video_ID) VALUES (63, '2017-02-16 18:27:01.000', 54, 72)
INSERT dbo.[Like](Like_ID, Like_date, User_ID, Video_ID) VALUES (64, '2009-01-01 00:01:23.000', 118, 108)
INSERT dbo.[Like](Like_ID, Like_date, User_ID, Video_ID) VALUES (65, '2010-02-10 10:36:16.000', 6, 14)
INSERT dbo.[Like](Like_ID, Like_date, User_ID, Video_ID) VALUES (66, '2012-12-13 05:05:41.000', 75, 78)
INSERT dbo.[Like](Like_ID, Like_date, User_ID, Video_ID) VALUES (67, '2014-03-24 21:13:02.000', 8, 15)
INSERT dbo.[Like](Like_ID, Like_date, User_ID, Video_ID) VALUES (68, '2015-11-11 07:18:30.000', 29, 34)
INSERT dbo.[Like](Like_ID, Like_date, User_ID, Video_ID) VALUES (69, '2010-02-17 05:03:34.000', 97, 118)
INSERT dbo.[Like](Like_ID, Like_date, User_ID, Video_ID) VALUES (70, '2009-12-27 04:20:25.000', 132, 109)
INSERT dbo.[Like](Like_ID, Like_date, User_ID, Video_ID) VALUES (71, '2013-02-21 10:22:16.000', 9, 120)
INSERT dbo.[Like](Like_ID, Like_date, User_ID, Video_ID) VALUES (72, '2014-08-02 18:32:30.000', 153, 3)
INSERT dbo.[Like](Like_ID, Like_date, User_ID, Video_ID) VALUES (73, '2009-01-01 00:08:53.000', 54, 47)
INSERT dbo.[Like](Like_ID, Like_date, User_ID, Video_ID) VALUES (74, '2009-01-01 00:00:38.000', 76, 61)
INSERT dbo.[Like](Like_ID, Like_date, User_ID, Video_ID) VALUES (75, '2013-06-17 14:08:18.000', 8, 16)
INSERT dbo.[Like](Like_ID, Like_date, User_ID, Video_ID) VALUES (76, '2012-04-13 19:19:24.000', 29, 48)
INSERT dbo.[Like](Like_ID, Like_date, User_ID, Video_ID) VALUES (77, '2014-03-17 08:36:55.000', 55, 35)
INSERT dbo.[Like](Like_ID, Like_date, User_ID, Video_ID) VALUES (78, '2015-07-15 04:54:49.000', 133, 2)
INSERT dbo.[Like](Like_ID, Like_date, User_ID, Video_ID) VALUES (79, '2010-02-13 06:56:06.000', 175, 120)
INSERT dbo.[Like](Like_ID, Like_date, User_ID, Video_ID) VALUES (80, '2010-07-07 04:02:57.000', 99, 120)
INSERT dbo.[Like](Like_ID, Like_date, User_ID, Video_ID) VALUES (81, '2011-02-04 14:18:31.000', 98, 119)
INSERT dbo.[Like](Like_ID, Like_date, User_ID, Video_ID) VALUES (82, '2010-11-30 10:23:10.000', 154, 60)
INSERT dbo.[Like](Like_ID, Like_date, User_ID, Video_ID) VALUES (83, '2010-05-05 20:38:49.000', 154, 91)
INSERT dbo.[Like](Like_ID, Like_date, User_ID, Video_ID) VALUES (84, '2009-01-01 01:27:08.000', 134, 47)
INSERT dbo.[Like](Like_ID, Like_date, User_ID, Video_ID) VALUES (85, '2015-01-18 19:05:28.000', 193, 118)
INSERT dbo.[Like](Like_ID, Like_date, User_ID, Video_ID) VALUES (86, '2009-01-01 00:15:40.000', 76, 90)
INSERT dbo.[Like](Like_ID, Like_date, User_ID, Video_ID) VALUES (87, '2010-04-03 18:08:06.000', 118, 90)
INSERT dbo.[Like](Like_ID, Like_date, User_ID, Video_ID) VALUES (88, '2012-04-01 00:08:21.000', 9, 48)
INSERT dbo.[Like](Like_ID, Like_date, User_ID, Video_ID) VALUES (89, '2013-08-23 09:32:03.000', 134, 109)
INSERT dbo.[Like](Like_ID, Like_date, User_ID, Video_ID) VALUES (90, '2011-08-07 15:01:10.000', 177, 15)
INSERT dbo.[Like](Like_ID, Like_date, User_ID, Video_ID) VALUES (91, '2009-04-20 19:40:36.000', 155, 91)
INSERT dbo.[Like](Like_ID, Like_date, User_ID, Video_ID) VALUES (92, '2009-01-01 00:00:49.000', 56, 90)
INSERT dbo.[Like](Like_ID, Like_date, User_ID, Video_ID) VALUES (93, '2015-06-09 06:05:40.000', 30, 119)
INSERT dbo.[Like](Like_ID, Like_date, User_ID, Video_ID) VALUES (94, '2017-05-16 18:17:05.000', 119, 90)
INSERT dbo.[Like](Like_ID, Like_date, User_ID, Video_ID) VALUES (95, '2009-01-01 00:00:04.000', 135, 73)
INSERT dbo.[Like](Like_ID, Like_date, User_ID, Video_ID) VALUES (96, '2010-02-23 17:22:35.000', 156, 110)
INSERT dbo.[Like](Like_ID, Like_date, User_ID, Video_ID) VALUES (97, '2009-01-01 00:00:18.000', 30, 4)
INSERT dbo.[Like](Like_ID, Like_date, User_ID, Video_ID) VALUES (98, '2009-01-04 19:12:55.000', 10, 3)
INSERT dbo.[Like](Like_ID, Like_date, User_ID, Video_ID) VALUES (99, '2009-11-20 11:45:29.000', 176, 78)
INSERT dbo.[Like](Like_ID, Like_date, User_ID, Video_ID) VALUES (100, '2011-02-15 20:18:20.000', 10, 110)
INSERT dbo.[Like](Like_ID, Like_date, User_ID, Video_ID) VALUES (101, '2012-02-22 06:04:22.000', 31, 72)
INSERT dbo.[Like](Like_ID, Like_date, User_ID, Video_ID) VALUES (102, '2016-12-12 10:12:26.000', 98, 35)
INSERT dbo.[Like](Like_ID, Like_date, User_ID, Video_ID) VALUES (103, '2011-10-01 18:52:40.000', 136, 60)
INSERT dbo.[Like](Like_ID, Like_date, User_ID, Video_ID) VALUES (104, '2016-01-31 10:48:23.000', 56, 101)
INSERT dbo.[Like](Like_ID, Like_date, User_ID, Video_ID) VALUES (105, '2010-03-02 12:04:49.000', 155, 47)
INSERT dbo.[Like](Like_ID, Like_date, User_ID, Video_ID) VALUES (106, '2010-07-31 08:36:55.000', 27, 17)
INSERT dbo.[Like](Like_ID, Like_date, User_ID, Video_ID) VALUES (107, '2010-03-04 22:23:23.000', 77, 47)
INSERT dbo.[Like](Like_ID, Like_date, User_ID, Video_ID) VALUES (108, '2011-03-13 02:19:47.000', 7, 111)
INSERT dbo.[Like](Like_ID, Like_date, User_ID, Video_ID) VALUES (109, '2015-12-19 16:53:37.000', 194, 36)
INSERT dbo.[Like](Like_ID, Like_date, User_ID, Video_ID) VALUES (110, '2009-01-01 00:00:09.000', 75, 73)
INSERT dbo.[Like](Like_ID, Like_date, User_ID, Video_ID) VALUES (111, '2010-02-06 06:50:30.000', 28, 34)
INSERT dbo.[Like](Like_ID, Like_date, User_ID, Video_ID) VALUES (112, '2015-04-09 12:52:31.000', 135, 60)
INSERT dbo.[Like](Like_ID, Like_date, User_ID, Video_ID) VALUES (113, '2010-02-12 10:49:27.000', 120, 5)
INSERT dbo.[Like](Like_ID, Like_date, User_ID, Video_ID) VALUES (114, '2009-01-01 00:28:52.000', 156, 72)
INSERT dbo.[Like](Like_ID, Like_date, User_ID, Video_ID) VALUES (115, '2010-03-15 03:04:51.000', 99, 102)
INSERT dbo.[Like](Like_ID, Like_date, User_ID, Video_ID) VALUES (116, '2010-02-06 04:58:09.000', 157, 61)
INSERT dbo.[Like](Like_ID, Like_date, User_ID, Video_ID) VALUES (117, '2009-01-01 00:00:07.000', 137, 18)
INSERT dbo.[Like](Like_ID, Like_date, User_ID, Video_ID) VALUES (118, '2009-01-01 00:35:24.000', 136, 101)
INSERT dbo.[Like](Like_ID, Like_date, User_ID, Video_ID) VALUES (119, '2011-01-10 01:02:21.000', 158, 112)
INSERT dbo.[Like](Like_ID, Like_date, User_ID, Video_ID) VALUES (120, '2012-09-21 10:22:30.000', 100, 73)
INSERT dbo.[Like](Like_ID, Like_date, User_ID, Video_ID) VALUES (121, '2009-01-01 10:57:34.000', 195, 60)
INSERT dbo.[Like](Like_ID, Like_date, User_ID, Video_ID) VALUES (122, '2015-07-27 16:06:22.000', 121, 74)
INSERT dbo.[Like](Like_ID, Like_date, User_ID, Video_ID) VALUES (123, '2010-10-14 14:04:39.000', 178, 35)
INSERT dbo.[Like](Like_ID, Like_date, User_ID, Video_ID) VALUES (124, '2009-01-01 00:00:05.000', 8, 73)
INSERT dbo.[Like](Like_ID, Like_date, User_ID, Video_ID) VALUES (125, '2010-02-07 13:26:43.000', 157, 111)
INSERT dbo.[Like](Like_ID, Like_date, User_ID, Video_ID) VALUES (126, '2009-11-17 00:43:37.000', 196, 102)
INSERT dbo.[Like](Like_ID, Like_date, User_ID, Video_ID) VALUES (127, '2010-02-09 22:15:24.000', 179, 6)
INSERT dbo.[Like](Like_ID, Like_date, User_ID, Video_ID) VALUES (128, '2009-01-01 00:12:43.000', 98, 103)
INSERT dbo.[Like](Like_ID, Like_date, User_ID, Video_ID) VALUES (129, '2015-09-20 17:21:55.000', 57, 91)
INSERT dbo.[Like](Like_ID, Like_date, User_ID, Video_ID) VALUES (130, '2009-01-01 00:00:58.000', 137, 113)
INSERT dbo.[Like](Like_ID, Like_date, User_ID, Video_ID) VALUES (131, '2013-07-07 22:23:53.000', 158, 90)
INSERT dbo.[Like](Like_ID, Like_date, User_ID, Video_ID) VALUES (132, '2010-03-12 11:44:09.000', 55, 112)
INSERT dbo.[Like](Like_ID, Like_date, User_ID, Video_ID) VALUES (133, '2012-09-06 01:23:18.000', 11, 104)
INSERT dbo.[Like](Like_ID, Like_date, User_ID, Video_ID) VALUES (134, '2010-07-07 01:58:59.000', 78, 73)
INSERT dbo.[Like](Like_ID, Like_date, User_ID, Video_ID) VALUES (135, '2010-10-03 23:04:07.000', 76, 35)
INSERT dbo.[Like](Like_ID, Like_date, User_ID, Video_ID) VALUES (136, '2009-11-19 06:49:21.000', 101, 90)
INSERT dbo.[Like](Like_ID, Like_date, User_ID, Video_ID) VALUES (137, '2010-05-04 19:50:39.000', 177, 78)
INSERT dbo.[Like](Like_ID, Like_date, User_ID, Video_ID) VALUES (138, '2009-01-05 18:22:44.000', 120, 91)
INSERT dbo.[Like](Like_ID, Like_date, User_ID, Video_ID) VALUES (139, '2009-01-01 00:00:24.000', 138, 103)
INSERT dbo.[Like](Like_ID, Like_date, User_ID, Video_ID) VALUES (140, '2009-01-01 00:00:10.000', 159, 49)
INSERT dbo.[Like](Like_ID, Like_date, User_ID, Video_ID) VALUES (141, '2011-11-18 12:10:15.000', 195, 37)
INSERT dbo.[Like](Like_ID, Like_date, User_ID, Video_ID) VALUES (142, '2010-05-09 06:53:41.000', 31, 47)
INSERT dbo.[Like](Like_ID, Like_date, User_ID, Video_ID) VALUES (143, '2015-05-10 13:37:47.000', 100, 113)
INSERT dbo.[Like](Like_ID, Like_date, User_ID, Video_ID) VALUES (144, '2015-09-19 04:51:13.000', 119, 16)
INSERT dbo.[Like](Like_ID, Like_date, User_ID, Video_ID) VALUES (145, '2015-05-13 07:32:11.000', 197, 104)
INSERT dbo.[Like](Like_ID, Like_date, User_ID, Video_ID) VALUES (146, '2010-02-09 08:52:09.000', 99, 74)
INSERT dbo.[Like](Like_ID, Like_date, User_ID, Video_ID) VALUES (147, '2009-01-01 01:37:58.000', 139, 78)
INSERT dbo.[Like](Like_ID, Like_date, User_ID, Video_ID) VALUES (148, '2009-01-01 01:53:46.000', 56, 114)
INSERT dbo.[Like](Like_ID, Like_date, User_ID, Video_ID) VALUES (149, '2010-01-10 01:33:40.000', 120, 114)
INSERT dbo.[Like](Like_ID, Like_date, User_ID, Video_ID) VALUES (150, '2010-01-07 07:29:30.000', 121, 19)
INSERT dbo.[Like](Like_ID, Like_date, User_ID, Video_ID) VALUES (151, '2010-04-29 04:58:32.000', 77, 78)
INSERT dbo.[Like](Like_ID, Like_date, User_ID, Video_ID) VALUES (152, '2011-07-05 00:34:16.000', 178, 61)
INSERT dbo.[Like](Like_ID, Like_date, User_ID, Video_ID) VALUES (153, '2015-06-21 20:28:28.000', 57, 79)
INSERT dbo.[Like](Like_ID, Like_date, User_ID, Video_ID) VALUES (154, '2009-01-01 00:00:03.000', 138, 91)
INSERT dbo.[Like](Like_ID, Like_date, User_ID, Video_ID) VALUES (155, '2009-01-01 00:35:01.000', 78, 4)
INSERT dbo.[Like](Like_ID, Like_date, User_ID, Video_ID) VALUES (156, '2010-11-13 14:11:49.000', 11, 105)
INSERT dbo.[Like](Like_ID, Like_date, User_ID, Video_ID) VALUES (157, '2011-03-06 18:57:31.000', 180, 48)
INSERT dbo.[Like](Like_ID, Like_date, User_ID, Video_ID) VALUES (158, '2011-02-01 01:32:42.000', 196, 35)
INSERT dbo.[Like](Like_ID, Like_date, User_ID, Video_ID) VALUES (159, '2010-01-13 21:31:41.000', 119, 90)
INSERT dbo.[Like](Like_ID, Like_date, User_ID, Video_ID) VALUES (160, '2011-02-02 00:30:06.000', 32, 50)
INSERT dbo.[Like](Like_ID, Like_date, User_ID, Video_ID) VALUES (161, '2009-01-02 01:57:50.000', 29, 74)
INSERT dbo.[Like](Like_ID, Like_date, User_ID, Video_ID) VALUES (162, '2017-03-22 02:03:10.000', 32, 78)
INSERT dbo.[Like](Like_ID, Like_date, User_ID, Video_ID) VALUES (163, '2014-06-01 11:23:50.000', 179, 17)
INSERT dbo.[Like](Like_ID, Like_date, User_ID, Video_ID) VALUES (164, '2009-01-01 21:31:27.000', 9, 5)
INSERT dbo.[Like](Like_ID, Like_date, User_ID, Video_ID) VALUES (165, '2009-01-01 00:37:15.000', 30, 105)
INSERT dbo.[Like](Like_ID, Like_date, User_ID, Video_ID) VALUES (166, '2009-12-24 22:05:49.000', 198, 91)
INSERT dbo.[Like](Like_ID, Like_date, User_ID, Video_ID) VALUES (167, '2013-11-28 15:53:54.000', 77, 48)
INSERT dbo.[Like](Like_ID, Like_date, User_ID, Video_ID) VALUES (168, '2012-06-19 14:56:29.000', 99, 91)
INSERT dbo.[Like](Like_ID, Like_date, User_ID, Video_ID) VALUES (169, '2013-07-16 12:53:25.000', 122, 79)
INSERT dbo.[Like](Like_ID, Like_date, User_ID, Video_ID) VALUES (170, '2009-01-01 00:00:06.000', 57, 79)
INSERT dbo.[Like](Like_ID, Like_date, User_ID, Video_ID) VALUES (171, '2014-11-05 10:41:31.000', 100, 36)
INSERT dbo.[Like](Like_ID, Like_date, User_ID, Video_ID) VALUES (172, '2010-12-03 19:25:17.000', 160, 7)
INSERT dbo.[Like](Like_ID, Like_date, User_ID, Video_ID) VALUES (173, '2009-01-02 02:48:32.000', 197, 62)
INSERT dbo.[Like](Like_ID, Like_date, User_ID, Video_ID) VALUES (174, '2009-12-05 03:25:45.000', 12, 78)
INSERT dbo.[Like](Like_ID, Like_date, User_ID, Video_ID) VALUES (175, '2015-04-09 20:49:01.000', 140, 61)
INSERT dbo.[Like](Like_ID, Like_date, User_ID, Video_ID) VALUES (176, '2010-12-15 14:44:28.000', 181, 20)
INSERT dbo.[Like](Like_ID, Like_date, User_ID, Video_ID) VALUES (177, '2009-01-01 00:01:21.000', 33, 75)
INSERT dbo.[Like](Like_ID, Like_date, User_ID, Video_ID) VALUES (178, '2010-04-11 07:31:38.000', 10, 18)
INSERT dbo.[Like](Like_ID, Like_date, User_ID, Video_ID) VALUES (179, '2012-02-22 04:04:21.000', 12, 49)
INSERT dbo.[Like](Like_ID, Like_date, User_ID, Video_ID) VALUES (180, '2010-02-22 05:42:08.000', 58, 61)
INSERT dbo.[Like](Like_ID, Like_date, User_ID, Video_ID) VALUES (181, '2009-01-01 00:00:36.000', 199, 91)
INSERT dbo.[Like](Like_ID, Like_date, User_ID, Video_ID) VALUES (182, '2010-11-28 02:03:00.000', 58, 8)
INSERT dbo.[Like](Like_ID, Like_date, User_ID, Video_ID) VALUES (183, '2009-01-01 00:41:38.000', 33, 60)
INSERT dbo.[Like](Like_ID, Like_date, User_ID, Video_ID) VALUES (184, '2009-12-20 11:56:35.000', 78, 21)
INSERT dbo.[Like](Like_ID, Like_date, User_ID, Video_ID) VALUES (185, '2009-01-01 00:00:10.000', 101, 61)
INSERT dbo.[Like](Like_ID, Like_date, User_ID, Video_ID) VALUES (186, '2015-04-26 12:37:13.000', 182, 62)
INSERT dbo.[Like](Like_ID, Like_date, User_ID, Video_ID) VALUES (187, '2016-03-29 00:47:59.000', 120, 79)
INSERT dbo.[Like](Like_ID, Like_date, User_ID, Video_ID) VALUES (188, '2011-05-03 02:40:26.000', 79, 49)
INSERT dbo.[Like](Like_ID, Like_date, User_ID, Video_ID) VALUES (189, '2009-01-01 00:15:09.000', 122, 92)
INSERT dbo.[Like](Like_ID, Like_date, User_ID, Video_ID) VALUES (190, '2009-12-26 00:19:05.000', 102, 74)
INSERT dbo.[Like](Like_ID, Like_date, User_ID, Video_ID) VALUES (191, '2009-12-20 01:57:51.000', 58, 92)
INSERT dbo.[Like](Like_ID, Like_date, User_ID, Video_ID) VALUES (192, '2010-02-22 10:03:13.000', 59, 6)
INSERT dbo.[Like](Like_ID, Like_date, User_ID, Video_ID) VALUES (193, '2009-01-01 00:00:07.000', 31, 38)
INSERT dbo.[Like](Like_ID, Like_date, User_ID, Video_ID) VALUES (194, '2009-12-12 04:34:27.000', 100, 48)
INSERT dbo.[Like](Like_ID, Like_date, User_ID, Video_ID) VALUES (195, '2009-01-06 00:57:24.000', 80, 9)
INSERT dbo.[Like](Like_ID, Like_date, User_ID, Video_ID) VALUES (196, '2016-10-04 16:21:53.000', 161, 36)
INSERT dbo.[Like](Like_ID, Like_date, User_ID, Video_ID) VALUES (197, '2012-08-28 08:24:02.000', 102, 92)
INSERT dbo.[Like](Like_ID, Like_date, User_ID, Video_ID) VALUES (198, '2011-04-04 15:17:03.000', 123, 35)
INSERT dbo.[Like](Like_ID, Like_date, User_ID, Video_ID) VALUES (199, '2010-02-08 22:22:59.000', 159, 19)
INSERT dbo.[Like](Like_ID, Like_date, User_ID, Video_ID) VALUES (200, '2009-01-01 00:05:44.000', 141, 48)
GO

--
-- Inserting data into table dbo.Subscribe
--
INSERT dbo.Subscribe(Subscriber_ID, Subscribe_date, User_ID_subscriber, User_ID_channel) VALUES (1, '2009-01-01 00:00:22.250', 94, 104)
INSERT dbo.Subscribe(Subscriber_ID, Subscribe_date, User_ID_subscriber, User_ID_channel) VALUES (2, '2009-11-27 12:27:57.620', 144, 84)
INSERT dbo.Subscribe(Subscriber_ID, Subscribe_date, User_ID_subscriber, User_ID_channel) VALUES (3, '2010-02-05 03:40:17.340', 33, 185)
INSERT dbo.Subscribe(Subscriber_ID, Subscribe_date, User_ID_subscriber, User_ID_channel) VALUES (4, '2014-03-28 10:56:38.480', 124, 168)
INSERT dbo.Subscribe(Subscriber_ID, Subscribe_date, User_ID_subscriber, User_ID_channel) VALUES (5, '2009-01-01 00:00:01.290', 80, 185)
INSERT dbo.Subscribe(Subscriber_ID, Subscribe_date, User_ID_subscriber, User_ID_channel) VALUES (6, '2011-05-15 15:42:56.520', 193, 82)
INSERT dbo.Subscribe(Subscriber_ID, Subscribe_date, User_ID_subscriber, User_ID_channel) VALUES (7, '2009-01-01 00:00:03.170', 145, 82)
INSERT dbo.Subscribe(Subscriber_ID, Subscribe_date, User_ID_subscriber, User_ID_channel) VALUES (8, '2010-11-18 19:24:13.690', 200, 168)
INSERT dbo.Subscribe(Subscriber_ID, Subscribe_date, User_ID_subscriber, User_ID_channel) VALUES (9, '2009-01-02 19:14:08.400', 60, 131)
INSERT dbo.Subscribe(Subscriber_ID, Subscribe_date, User_ID_subscriber, User_ID_channel) VALUES (10, '2009-01-01 00:00:01.880', 33, 19)
INSERT dbo.Subscribe(Subscriber_ID, Subscribe_date, User_ID_subscriber, User_ID_channel) VALUES (11, '2009-01-01 00:00:01.600', 81, 82)
INSERT dbo.Subscribe(Subscriber_ID, Subscribe_date, User_ID_subscriber, User_ID_channel) VALUES (12, '2011-10-20 03:51:58.880', 176, 104)
INSERT dbo.Subscribe(Subscriber_ID, Subscribe_date, User_ID_subscriber, User_ID_channel) VALUES (13, '2009-02-12 04:21:16.000', 61, 104)
INSERT dbo.Subscribe(Subscriber_ID, Subscribe_date, User_ID_subscriber, User_ID_channel) VALUES (14, '2009-01-01 00:00:01.610', 13, 200)
INSERT dbo.Subscribe(Subscriber_ID, Subscribe_date, User_ID_subscriber, User_ID_channel) VALUES (15, '2009-12-02 06:24:24.520', 194, 186)
INSERT dbo.Subscribe(Subscriber_ID, Subscribe_date, User_ID_subscriber, User_ID_channel) VALUES (16, '2009-01-01 00:00:02.030', 94, 185)
INSERT dbo.Subscribe(Subscriber_ID, Subscribe_date, User_ID_subscriber, User_ID_channel) VALUES (17, '2009-01-28 06:59:04.800', 125, 131)
INSERT dbo.Subscribe(Subscriber_ID, Subscribe_date, User_ID_subscriber, User_ID_channel) VALUES (18, '2012-10-11 02:57:28.670', 82, 19)
INSERT dbo.Subscribe(Subscriber_ID, Subscribe_date, User_ID_subscriber, User_ID_channel) VALUES (19, '2011-06-26 07:47:11.570', 13, 19)
INSERT dbo.Subscribe(Subscriber_ID, Subscribe_date, User_ID_subscriber, User_ID_channel) VALUES (20, '2009-01-01 00:00:01.940', 177, 185)
INSERT dbo.Subscribe(Subscriber_ID, Subscribe_date, User_ID_subscriber, User_ID_channel) VALUES (21, '2009-01-01 00:00:39.600', 34, 104)
INSERT dbo.Subscribe(Subscriber_ID, Subscribe_date, User_ID_subscriber, User_ID_channel) VALUES (22, '2011-06-02 18:42:06.550', 146, 82)
INSERT dbo.Subscribe(Subscriber_ID, Subscribe_date, User_ID_subscriber, User_ID_channel) VALUES (23, '2009-01-01 00:00:01.730', 34, 169)
INSERT dbo.Subscribe(Subscriber_ID, Subscribe_date, User_ID_subscriber, User_ID_channel) VALUES (24, '2009-01-01 22:02:32.480', 126, 82)
INSERT dbo.Subscribe(Subscriber_ID, Subscribe_date, User_ID_subscriber, User_ID_channel) VALUES (25, '2010-07-04 06:59:14.160', 147, 200)
INSERT dbo.Subscribe(Subscriber_ID, Subscribe_date, User_ID_subscriber, User_ID_channel) VALUES (26, '2015-06-23 09:35:37.010', 195, 200)
INSERT dbo.Subscribe(Subscriber_ID, Subscribe_date, User_ID_subscriber, User_ID_channel) VALUES (27, '2010-02-05 18:42:36.600', 14, 82)
INSERT dbo.Subscribe(Subscriber_ID, Subscribe_date, User_ID_subscriber, User_ID_channel) VALUES (28, '2011-12-24 01:01:05.860', 62, 186)
INSERT dbo.Subscribe(Subscriber_ID, Subscribe_date, User_ID_subscriber, User_ID_channel) VALUES (29, '2009-01-01 00:00:01.260', 42, 82)
INSERT dbo.Subscribe(Subscriber_ID, Subscribe_date, User_ID_subscriber, User_ID_channel) VALUES (30, '2009-01-01 00:00:10.910', 35, 40)
INSERT dbo.Subscribe(Subscriber_ID, Subscribe_date, User_ID_subscriber, User_ID_channel) VALUES (31, '2009-01-01 00:00:01.200', 115, 185)
INSERT dbo.Subscribe(Subscriber_ID, Subscribe_date, User_ID_subscriber, User_ID_channel) VALUES (32, '2009-01-02 07:11:22.420', 63, 40)
INSERT dbo.Subscribe(Subscriber_ID, Subscribe_date, User_ID_subscriber, User_ID_channel) VALUES (33, '2017-01-21 09:25:46.790', 95, 62)
INSERT dbo.Subscribe(Subscriber_ID, Subscribe_date, User_ID_subscriber, User_ID_channel) VALUES (34, '2009-01-01 23:11:03.050', 15, 131)
INSERT dbo.Subscribe(Subscriber_ID, Subscribe_date, User_ID_subscriber, User_ID_channel) VALUES (35, '2010-08-08 01:10:07.340', 43, 152)
INSERT dbo.Subscribe(Subscriber_ID, Subscribe_date, User_ID_subscriber, User_ID_channel) VALUES (36, '2009-01-01 00:00:01.270', 127, 169)
INSERT dbo.Subscribe(Subscriber_ID, Subscribe_date, User_ID_subscriber, User_ID_channel) VALUES (37, '2013-05-14 09:41:48.790', 14, 200)
INSERT dbo.Subscribe(Subscriber_ID, Subscribe_date, User_ID_subscriber, User_ID_channel) VALUES (38, '2009-01-01 16:06:38.010', 115, 84)
INSERT dbo.Subscribe(Subscriber_ID, Subscribe_date, User_ID_subscriber, User_ID_channel) VALUES (39, '2010-02-15 13:52:17.220', 64, 131)
INSERT dbo.Subscribe(Subscriber_ID, Subscribe_date, User_ID_subscriber, User_ID_channel) VALUES (40, '2009-01-01 00:00:01.970', 116, 62)
INSERT dbo.Subscribe(Subscriber_ID, Subscribe_date, User_ID_subscriber, User_ID_channel) VALUES (41, '2009-01-01 00:00:01.630', 178, 131)
INSERT dbo.Subscribe(Subscriber_ID, Subscribe_date, User_ID_subscriber, User_ID_channel) VALUES (42, '2009-01-01 00:01:36.580', 44, 168)
INSERT dbo.Subscribe(Subscriber_ID, Subscribe_date, User_ID_subscriber, User_ID_channel) VALUES (43, '2010-07-24 21:15:42.360', 148, 105)
INSERT dbo.Subscribe(Subscriber_ID, Subscribe_date, User_ID_subscriber, User_ID_channel) VALUES (44, '2011-09-05 00:56:48.440', 36, 104)
INSERT dbo.Subscribe(Subscriber_ID, Subscribe_date, User_ID_subscriber, User_ID_channel) VALUES (45, '2010-01-29 04:46:26.030', 196, 200)
INSERT dbo.Subscribe(Subscriber_ID, Subscribe_date, User_ID_subscriber, User_ID_channel) VALUES (46, '2009-12-22 15:53:52.950', 65, 187)
INSERT dbo.Subscribe(Subscriber_ID, Subscribe_date, User_ID_subscriber, User_ID_channel) VALUES (47, '2009-01-01 00:00:01.940', 16, 168)
INSERT dbo.Subscribe(Subscriber_ID, Subscribe_date, User_ID_subscriber, User_ID_channel) VALUES (48, '2009-01-01 00:00:01.850', 45, 20)
INSERT dbo.Subscribe(Subscriber_ID, Subscribe_date, User_ID_subscriber, User_ID_channel) VALUES (49, '2009-01-01 00:00:01.240', 128, 105)
INSERT dbo.Subscribe(Subscriber_ID, Subscribe_date, User_ID_subscriber, User_ID_channel) VALUES (50, '2009-02-05 00:10:07.510', 179, 152)
INSERT dbo.Subscribe(Subscriber_ID, Subscribe_date, User_ID_subscriber, User_ID_channel) VALUES (51, '2016-01-01 01:42:39.960', 37, 85)
INSERT dbo.Subscribe(Subscriber_ID, Subscribe_date, User_ID_subscriber, User_ID_channel) VALUES (52, '2015-02-18 15:45:46.620', 17, 20)
INSERT dbo.Subscribe(Subscriber_ID, Subscribe_date, User_ID_subscriber, User_ID_channel) VALUES (53, '2009-01-01 00:00:05.600', 66, 131)
INSERT dbo.Subscribe(Subscriber_ID, Subscribe_date, User_ID_subscriber, User_ID_channel) VALUES (54, '2009-07-31 01:36:08.080', 193, 82)
INSERT dbo.Subscribe(Subscriber_ID, Subscribe_date, User_ID_subscriber, User_ID_channel) VALUES (55, '2009-01-01 11:57:28.380', 95, 187)
INSERT dbo.Subscribe(Subscriber_ID, Subscribe_date, User_ID_subscriber, User_ID_channel) VALUES (56, '2009-01-01 00:00:01.620', 38, 132)
INSERT dbo.Subscribe(Subscriber_ID, Subscribe_date, User_ID_subscriber, User_ID_channel) VALUES (57, '2010-07-29 16:56:48.000', 18, 168)
INSERT dbo.Subscribe(Subscriber_ID, Subscribe_date, User_ID_subscriber, User_ID_channel) VALUES (58, '2010-07-11 21:47:28.650', 197, 186)
INSERT dbo.Subscribe(Subscriber_ID, Subscribe_date, User_ID_subscriber, User_ID_channel) VALUES (59, '2011-05-15 01:12:54.370', 176, 62)
INSERT dbo.Subscribe(Subscriber_ID, Subscribe_date, User_ID_subscriber, User_ID_channel) VALUES (60, '2010-04-04 06:09:46.840', 116, 170)
INSERT dbo.Subscribe(Subscriber_ID, Subscribe_date, User_ID_subscriber, User_ID_channel) VALUES (61, '2009-01-01 00:00:01.070', 96, 62)
INSERT dbo.Subscribe(Subscriber_ID, Subscribe_date, User_ID_subscriber, User_ID_channel) VALUES (62, '2009-01-01 00:01:31.080', 194, 152)
INSERT dbo.Subscribe(Subscriber_ID, Subscribe_date, User_ID_subscriber, User_ID_channel) VALUES (63, '2009-01-01 00:00:01.860', 117, 186)
INSERT dbo.Subscribe(Subscriber_ID, Subscribe_date, User_ID_subscriber, User_ID_channel) VALUES (64, '2010-06-25 02:33:06.770', 149, 42)
INSERT dbo.Subscribe(Subscriber_ID, Subscribe_date, User_ID_subscriber, User_ID_channel) VALUES (65, '2010-03-04 13:00:39.350', 129, 41)
INSERT dbo.Subscribe(Subscriber_ID, Subscribe_date, User_ID_subscriber, User_ID_channel) VALUES (66, '2010-04-22 02:22:06.640', 180, 84)
INSERT dbo.Subscribe(Subscriber_ID, Subscribe_date, User_ID_subscriber, User_ID_channel) VALUES (67, '2009-01-01 00:00:08.390', 96, 19)
INSERT dbo.Subscribe(Subscriber_ID, Subscribe_date, User_ID_subscriber, User_ID_channel) VALUES (68, '2012-07-06 04:54:09.300', 46, 188)
INSERT dbo.Subscribe(Subscriber_ID, Subscribe_date, User_ID_subscriber, User_ID_channel) VALUES (69, '2012-11-27 04:57:31.540', 150, 170)
INSERT dbo.Subscribe(Subscriber_ID, Subscribe_date, User_ID_subscriber, User_ID_channel) VALUES (70, '2009-01-01 00:00:01.190', 117, 41)
INSERT dbo.Subscribe(Subscriber_ID, Subscribe_date, User_ID_subscriber, User_ID_channel) VALUES (71, '2009-01-01 18:12:52.740', 130, 21)
INSERT dbo.Subscribe(Subscriber_ID, Subscribe_date, User_ID_subscriber, User_ID_channel) VALUES (72, '2009-01-02 08:12:51.490', 97, 40)
INSERT dbo.Subscribe(Subscriber_ID, Subscribe_date, User_ID_subscriber, User_ID_channel) VALUES (73, '2013-11-17 06:19:46.820', 151, 21)
INSERT dbo.Subscribe(Subscriber_ID, Subscribe_date, User_ID_subscriber, User_ID_channel) VALUES (74, '2009-01-16 01:54:38.830', 67, 152)
INSERT dbo.Subscribe(Subscriber_ID, Subscribe_date, User_ID_subscriber, User_ID_channel) VALUES (75, '2009-01-01 15:41:18.010', 39, 105)
INSERT dbo.Subscribe(Subscriber_ID, Subscribe_date, User_ID_subscriber, User_ID_channel) VALUES (76, '2009-01-16 14:33:01.160', 177, 42)
INSERT dbo.Subscribe(Subscriber_ID, Subscribe_date, User_ID_subscriber, User_ID_channel) VALUES (77, '2012-12-19 11:56:03.180', 35, 85)
INSERT dbo.Subscribe(Subscriber_ID, Subscribe_date, User_ID_subscriber, User_ID_channel) VALUES (78, '2011-07-19 05:08:50.670', 19, 186)
INSERT dbo.Subscribe(Subscriber_ID, Subscribe_date, User_ID_subscriber, User_ID_channel) VALUES (79, '2009-01-01 04:34:13.940', 40, 169)
INSERT dbo.Subscribe(Subscriber_ID, Subscribe_date, User_ID_subscriber, User_ID_channel) VALUES (80, '2010-01-06 00:34:13.620', 47, 63)
INSERT dbo.Subscribe(Subscriber_ID, Subscribe_date, User_ID_subscriber, User_ID_channel) VALUES (81, '2017-04-04 10:13:56.930', 68, 106)
INSERT dbo.Subscribe(Subscriber_ID, Subscribe_date, User_ID_subscriber, User_ID_channel) VALUES (82, '2009-01-01 00:00:01.430', 48, 106)
INSERT dbo.Subscribe(Subscriber_ID, Subscribe_date, User_ID_subscriber, User_ID_channel) VALUES (83, '2009-01-01 00:00:01.100', 195, 62)
INSERT dbo.Subscribe(Subscriber_ID, Subscribe_date, User_ID_subscriber, User_ID_channel) VALUES (84, '2009-01-01 00:00:01.140', 69, 169)
INSERT dbo.Subscribe(Subscriber_ID, Subscribe_date, User_ID_subscriber, User_ID_channel) VALUES (85, '2009-01-01 02:40:18.220', 97, 62)
INSERT dbo.Subscribe(Subscriber_ID, Subscribe_date, User_ID_subscriber, User_ID_channel) VALUES (86, '2009-01-01 00:00:01.140', 15, 188)
INSERT dbo.Subscribe(Subscriber_ID, Subscribe_date, User_ID_subscriber, User_ID_channel) VALUES (87, '2010-02-04 17:29:22.010', 198, 132)
INSERT dbo.Subscribe(Subscriber_ID, Subscribe_date, User_ID_subscriber, User_ID_channel) VALUES (88, '2009-01-01 00:00:17.420', 36, 131)
INSERT dbo.Subscribe(Subscriber_ID, Subscribe_date, User_ID_subscriber, User_ID_channel) VALUES (89, '2009-01-01 00:00:01.630', 131, 42)
INSERT dbo.Subscribe(Subscriber_ID, Subscribe_date, User_ID_subscriber, User_ID_channel) VALUES (90, '2009-01-01 20:22:21.790', 178, 187)
INSERT dbo.Subscribe(Subscriber_ID, Subscribe_date, User_ID_subscriber, User_ID_channel) VALUES (91, '2010-09-19 20:37:38.700', 196, 86)
INSERT dbo.Subscribe(Subscriber_ID, Subscribe_date, User_ID_subscriber, User_ID_channel) VALUES (92, '2009-01-01 00:00:01.720', 16, 152)
INSERT dbo.Subscribe(Subscriber_ID, Subscribe_date, User_ID_subscriber, User_ID_channel) VALUES (93, '2010-05-27 22:33:23.390', 118, 85)
INSERT dbo.Subscribe(Subscriber_ID, Subscribe_date, User_ID_subscriber, User_ID_channel) VALUES (94, '2011-06-25 16:50:50.310', 152, 42)
INSERT dbo.Subscribe(Subscriber_ID, Subscribe_date, User_ID_subscriber, User_ID_channel) VALUES (95, '2009-11-08 06:14:13.400', 132, 152)
INSERT dbo.Subscribe(Subscriber_ID, Subscribe_date, User_ID_subscriber, User_ID_channel) VALUES (96, '2010-09-30 23:28:13.440', 181, 153)
INSERT dbo.Subscribe(Subscriber_ID, Subscribe_date, User_ID_subscriber, User_ID_channel) VALUES (97, '2010-01-14 21:22:36.030', 49, 170)
INSERT dbo.Subscribe(Subscriber_ID, Subscribe_date, User_ID_subscriber, User_ID_channel) VALUES (98, '2010-01-14 02:31:45.850', 70, 106)
INSERT dbo.Subscribe(Subscriber_ID, Subscribe_date, User_ID_subscriber, User_ID_channel) VALUES (99, '2009-07-03 23:24:05.540', 118, 86)
INSERT dbo.Subscribe(Subscriber_ID, Subscribe_date, User_ID_subscriber, User_ID_channel) VALUES (100, '2011-08-10 19:20:15.330', 50, 187)
INSERT dbo.Subscribe(Subscriber_ID, Subscribe_date, User_ID_subscriber, User_ID_channel) VALUES (101, '2016-05-19 18:19:25.860', 37, 42)
INSERT dbo.Subscribe(Subscriber_ID, Subscribe_date, User_ID_subscriber, User_ID_channel) VALUES (102, '2009-01-01 00:00:01.270', 153, 104)
INSERT dbo.Subscribe(Subscriber_ID, Subscribe_date, User_ID_subscriber, User_ID_channel) VALUES (103, '2010-02-28 05:06:50.460', 98, 170)
INSERT dbo.Subscribe(Subscriber_ID, Subscribe_date, User_ID_subscriber, User_ID_channel) VALUES (104, '2010-10-29 08:18:09.230', 71, 86)
INSERT dbo.Subscribe(Subscriber_ID, Subscribe_date, User_ID_subscriber, User_ID_channel) VALUES (105, '2009-11-26 22:16:56.330', 199, 40)
INSERT dbo.Subscribe(Subscriber_ID, Subscribe_date, User_ID_subscriber, User_ID_channel) VALUES (106, '2011-04-07 09:21:17.370', 17, 20)
INSERT dbo.Subscribe(Subscriber_ID, Subscribe_date, User_ID_subscriber, User_ID_channel) VALUES (107, '2015-12-14 03:11:58.870', 179, 107)
INSERT dbo.Subscribe(Subscriber_ID, Subscribe_date, User_ID_subscriber, User_ID_channel) VALUES (108, '2009-01-01 02:09:17.810', 51, 131)
INSERT dbo.Subscribe(Subscriber_ID, Subscribe_date, User_ID_subscriber, User_ID_channel) VALUES (109, '2009-01-01 00:00:01.020', 133, 171)
INSERT dbo.Subscribe(Subscriber_ID, Subscribe_date, User_ID_subscriber, User_ID_channel) VALUES (110, '2013-07-14 03:29:49.130', 72, 1)
INSERT dbo.Subscribe(Subscriber_ID, Subscribe_date, User_ID_subscriber, User_ID_channel) VALUES (111, '2010-11-24 04:19:05.210', 154, 107)
INSERT dbo.Subscribe(Subscriber_ID, Subscribe_date, User_ID_subscriber, User_ID_channel) VALUES (112, '2009-01-01 00:00:01.320', 52, 63)
INSERT dbo.Subscribe(Subscriber_ID, Subscribe_date, User_ID_subscriber, User_ID_channel) VALUES (113, '2015-09-25 11:42:01.890', 197, 84)
INSERT dbo.Subscribe(Subscriber_ID, Subscribe_date, User_ID_subscriber, User_ID_channel) VALUES (114, '2009-01-01 00:00:02.310', 20, 22)
INSERT dbo.Subscribe(Subscriber_ID, Subscribe_date, User_ID_subscriber, User_ID_channel) VALUES (115, '2010-04-20 19:06:27.500', 134, 1)
INSERT dbo.Subscribe(Subscriber_ID, Subscribe_date, User_ID_subscriber, User_ID_channel) VALUES (116, '2010-03-06 18:55:04.930', 180, 188)
INSERT dbo.Subscribe(Subscriber_ID, Subscribe_date, User_ID_subscriber, User_ID_channel) VALUES (117, '2009-01-01 00:00:01.360', 98, 42)
INSERT dbo.Subscribe(Subscriber_ID, Subscribe_date, User_ID_subscriber, User_ID_channel) VALUES (118, '2016-11-12 11:36:27.400', 182, 107)
INSERT dbo.Subscribe(Subscriber_ID, Subscribe_date, User_ID_subscriber, User_ID_channel) VALUES (119, '2009-01-01 00:00:01.660', 155, 169)
INSERT dbo.Subscribe(Subscriber_ID, Subscribe_date, User_ID_subscriber, User_ID_channel) VALUES (120, '2009-01-01 16:35:15.910', 119, 105)
INSERT dbo.Subscribe(Subscriber_ID, Subscribe_date, User_ID_subscriber, User_ID_channel) VALUES (121, '2009-01-01 00:00:01.770', 99, 187)
INSERT dbo.Subscribe(Subscriber_ID, Subscribe_date, User_ID_subscriber, User_ID_channel) VALUES (122, '2009-12-15 01:25:52.050', 135, 22)
INSERT dbo.Subscribe(Subscriber_ID, Subscribe_date, User_ID_subscriber, User_ID_channel) VALUES (123, '2010-05-02 22:43:35.100', 73, 43)
INSERT dbo.Subscribe(Subscriber_ID, Subscribe_date, User_ID_subscriber, User_ID_channel) VALUES (124, '2014-11-18 02:21:42.900', 38, 20)
INSERT dbo.Subscribe(Subscriber_ID, Subscribe_date, User_ID_subscriber, User_ID_channel) VALUES (125, '2012-06-18 22:19:57.140', 18, 63)
INSERT dbo.Subscribe(Subscriber_ID, Subscribe_date, User_ID_subscriber, User_ID_channel) VALUES (126, '2009-01-01 05:29:06.900', 53, 87)
INSERT dbo.Subscribe(Subscriber_ID, Subscribe_date, User_ID_subscriber, User_ID_channel) VALUES (127, '2009-01-01 23:21:28.130', 39, 63)
INSERT dbo.Subscribe(Subscriber_ID, Subscribe_date, User_ID_subscriber, User_ID_channel) VALUES (128, '2009-01-28 02:47:50.220', 120, 153)
INSERT dbo.Subscribe(Subscriber_ID, Subscribe_date, User_ID_subscriber, User_ID_channel) VALUES (129, '2013-07-14 01:59:21.880', 41, 87)
INSERT dbo.Subscribe(Subscriber_ID, Subscribe_date, User_ID_subscriber, User_ID_channel) VALUES (130, '2009-01-01 00:00:40.470', 19, 132)
INSERT dbo.Subscribe(Subscriber_ID, Subscribe_date, User_ID_subscriber, User_ID_channel) VALUES (131, '2009-01-01 00:00:01.320', 74, 62)
INSERT dbo.Subscribe(Subscriber_ID, Subscribe_date, User_ID_subscriber, User_ID_channel) VALUES (132, '2009-01-26 19:56:41.990', 156, 84)
INSERT dbo.Subscribe(Subscriber_ID, Subscribe_date, User_ID_subscriber, User_ID_channel) VALUES (133, '2009-01-01 00:00:01.260', 136, 131)
INSERT dbo.Subscribe(Subscriber_ID, Subscribe_date, User_ID_subscriber, User_ID_channel) VALUES (134, '2009-01-01 00:00:01.970', 157, 2)
INSERT dbo.Subscribe(Subscriber_ID, Subscribe_date, User_ID_subscriber, User_ID_channel) VALUES (135, '2009-01-01 00:00:04.730', 21, 171)
INSERT dbo.Subscribe(Subscriber_ID, Subscribe_date, User_ID_subscriber, User_ID_channel) VALUES (136, '2009-01-01 00:00:05.970', 119, 170)
INSERT dbo.Subscribe(Subscriber_ID, Subscribe_date, User_ID_subscriber, User_ID_channel) VALUES (137, '2009-02-01 01:53:31.930', 137, 105)
INSERT dbo.Subscribe(Subscriber_ID, Subscribe_date, User_ID_subscriber, User_ID_channel) VALUES (138, '2010-01-15 20:49:37.720', 158, 2)
INSERT dbo.Subscribe(Subscriber_ID, Subscribe_date, User_ID_subscriber, User_ID_channel) VALUES (139, '2009-04-22 05:01:26.300', 40, 64)
INSERT dbo.Subscribe(Subscriber_ID, Subscribe_date, User_ID_subscriber, User_ID_channel) VALUES (140, '2010-10-04 08:56:54.880', 198, 108)
INSERT dbo.Subscribe(Subscriber_ID, Subscribe_date, User_ID_subscriber, User_ID_channel) VALUES (141, '2010-06-12 04:31:09.060', 181, 41)
INSERT dbo.Subscribe(Subscriber_ID, Subscribe_date, User_ID_subscriber, User_ID_channel) VALUES (142, '2011-09-01 10:10:48.580', 138, 87)
INSERT dbo.Subscribe(Subscriber_ID, Subscribe_date, User_ID_subscriber, User_ID_channel) VALUES (143, '2010-04-08 20:25:47.010', 165, 132)
INSERT dbo.Subscribe(Subscriber_ID, Subscribe_date, User_ID_subscriber, User_ID_channel) VALUES (144, '2009-12-10 20:36:38.390', 20, 152)
INSERT dbo.Subscribe(Subscriber_ID, Subscribe_date, User_ID_subscriber, User_ID_channel) VALUES (145, '2009-01-01 18:47:54.960', 54, 171)
INSERT dbo.Subscribe(Subscriber_ID, Subscribe_date, User_ID_subscriber, User_ID_channel) VALUES (146, '2009-01-11 13:15:01.970', 100, 63)
INSERT dbo.Subscribe(Subscriber_ID, Subscribe_date, User_ID_subscriber, User_ID_channel) VALUES (147, '2012-01-01 06:36:38.270', 159, 189)
INSERT dbo.Subscribe(Subscriber_ID, Subscribe_date, User_ID_subscriber, User_ID_channel) VALUES (148, '2009-01-01 00:01:15.030', 139, 23)
INSERT dbo.Subscribe(Subscriber_ID, Subscribe_date, User_ID_subscriber, User_ID_channel) VALUES (149, '2010-09-22 10:21:04.480', 160, 188)
INSERT dbo.Subscribe(Subscriber_ID, Subscribe_date, User_ID_subscriber, User_ID_channel) VALUES (150, '2009-01-01 00:00:02.740', 75, 44)
INSERT dbo.Subscribe(Subscriber_ID, Subscribe_date, User_ID_subscriber, User_ID_channel) VALUES (151, '2010-04-16 13:17:23.460', 183, 188)
INSERT dbo.Subscribe(Subscriber_ID, Subscribe_date, User_ID_subscriber, User_ID_channel) VALUES (152, '2009-01-01 00:00:01.540', 41, 88)
INSERT dbo.Subscribe(Subscriber_ID, Subscribe_date, User_ID_subscriber, User_ID_channel) VALUES (153, '2010-09-03 20:41:10.250', 166, 132)
INSERT dbo.Subscribe(Subscriber_ID, Subscribe_date, User_ID_subscriber, User_ID_channel) VALUES (154, '2017-02-26 00:39:21.990', 99, 41)
INSERT dbo.Subscribe(Subscriber_ID, Subscribe_date, User_ID_subscriber, User_ID_channel) VALUES (155, '2010-04-05 12:26:27.420', 55, 21)
INSERT dbo.Subscribe(Subscriber_ID, Subscribe_date, User_ID_subscriber, User_ID_channel) VALUES (156, '2009-01-01 00:00:01.920', 76, 109)
INSERT dbo.Subscribe(Subscriber_ID, Subscribe_date, User_ID_subscriber, User_ID_channel) VALUES (157, '2016-05-15 05:10:24.820', 140, 21)
INSERT dbo.Subscribe(Subscriber_ID, Subscribe_date, User_ID_subscriber, User_ID_channel) VALUES (158, '2010-07-14 00:32:55.360', 121, 89)
INSERT dbo.Subscribe(Subscriber_ID, Subscribe_date, User_ID_subscriber, User_ID_channel) VALUES (159, '2009-11-19 13:28:45.700', 199, 62)
INSERT dbo.Subscribe(Subscriber_ID, Subscribe_date, User_ID_subscriber, User_ID_channel) VALUES (160, '2009-01-01 01:16:43.240', 182, 63)
INSERT dbo.Subscribe(Subscriber_ID, Subscribe_date, User_ID_subscriber, User_ID_channel) VALUES (161, '2014-10-12 12:00:35.040', 161, 85)
INSERT dbo.Subscribe(Subscriber_ID, Subscribe_date, User_ID_subscriber, User_ID_channel) VALUES (162, '2009-01-01 00:00:01.310', 184, 172)
INSERT dbo.Subscribe(Subscriber_ID, Subscribe_date, User_ID_subscriber, User_ID_channel) VALUES (163, '2009-01-16 10:18:03.980', 21, 133)
INSERT dbo.Subscribe(Subscriber_ID, Subscribe_date, User_ID_subscriber, User_ID_channel) VALUES (164, '2010-03-02 23:48:38.720', 167, 110)
INSERT dbo.Subscribe(Subscriber_ID, Subscribe_date, User_ID_subscriber, User_ID_channel) VALUES (165, '2010-08-28 00:03:59.590', 120, 189)
INSERT dbo.Subscribe(Subscriber_ID, Subscribe_date, User_ID_subscriber, User_ID_channel) VALUES (166, '2010-02-09 03:11:38.400', 141, 3)
INSERT dbo.Subscribe(Subscriber_ID, Subscribe_date, User_ID_subscriber, User_ID_channel) VALUES (167, '2009-07-24 13:09:54.500', 165, 132)
INSERT dbo.Subscribe(Subscriber_ID, Subscribe_date, User_ID_subscriber, User_ID_channel) VALUES (168, '2009-12-20 16:34:37.180', 101, 42)
INSERT dbo.Subscribe(Subscriber_ID, Subscribe_date, User_ID_subscriber, User_ID_channel) VALUES (169, '2010-04-28 09:54:33.650', 1, 43)
INSERT dbo.Subscribe(Subscriber_ID, Subscribe_date, User_ID_subscriber, User_ID_channel) VALUES (170, '2010-05-10 07:26:40.450', 122, 189)
INSERT dbo.Subscribe(Subscriber_ID, Subscribe_date, User_ID_subscriber, User_ID_channel) VALUES (171, '2009-01-01 00:00:53.660', 22, 43)
INSERT dbo.Subscribe(Subscriber_ID, Subscribe_date, User_ID_subscriber, User_ID_channel) VALUES (172, '2009-01-26 16:25:52.800', 2, 64)
INSERT dbo.Subscribe(Subscriber_ID, Subscribe_date, User_ID_subscriber, User_ID_channel) VALUES (173, '2016-03-09 17:30:20.370', 56, 42)
INSERT dbo.Subscribe(Subscriber_ID, Subscribe_date, User_ID_subscriber, User_ID_channel) VALUES (174, '2010-02-21 16:09:36.560', 77, 1)
INSERT dbo.Subscribe(Subscriber_ID, Subscribe_date, User_ID_subscriber, User_ID_channel) VALUES (175, '2011-04-14 18:02:50.640', 162, 108)
INSERT dbo.Subscribe(Subscriber_ID, Subscribe_date, User_ID_subscriber, User_ID_channel) VALUES (176, '2009-01-01 20:46:16.060', 185, 172)
INSERT dbo.Subscribe(Subscriber_ID, Subscribe_date, User_ID_subscriber, User_ID_channel) VALUES (177, '2011-08-05 02:05:22.020', 23, 190)
INSERT dbo.Subscribe(Subscriber_ID, Subscribe_date, User_ID_subscriber, User_ID_channel) VALUES (178, '2009-01-01 00:00:01.050', 168, 152)
INSERT dbo.Subscribe(Subscriber_ID, Subscribe_date, User_ID_subscriber, User_ID_channel) VALUES (179, '2009-01-01 00:00:01.730', 186, 85)
INSERT dbo.Subscribe(Subscriber_ID, Subscribe_date, User_ID_subscriber, User_ID_channel) VALUES (180, '2009-01-17 20:43:22.060', 3, 153)
INSERT dbo.Subscribe(Subscriber_ID, Subscribe_date, User_ID_subscriber, User_ID_channel) VALUES (181, '2009-01-01 00:00:01.470', 142, 88)
INSERT dbo.Subscribe(Subscriber_ID, Subscribe_date, User_ID_subscriber, User_ID_channel) VALUES (182, '2014-08-04 18:34:04.300', 57, 106)
INSERT dbo.Subscribe(Subscriber_ID, Subscribe_date, User_ID_subscriber, User_ID_channel) VALUES (183, '2009-12-05 22:10:21.770', 78, 86)
INSERT dbo.Subscribe(Subscriber_ID, Subscribe_date, User_ID_subscriber, User_ID_channel) VALUES (184, '2009-01-02 17:56:48.910', 24, 106)
INSERT dbo.Subscribe(Subscriber_ID, Subscribe_date, User_ID_subscriber, User_ID_channel) VALUES (185, '2009-01-01 00:00:01.230', 102, 172)
INSERT dbo.Subscribe(Subscriber_ID, Subscribe_date, User_ID_subscriber, User_ID_channel) VALUES (186, '2009-01-01 00:00:01.490', 58, 65)
INSERT dbo.Subscribe(Subscriber_ID, Subscribe_date, User_ID_subscriber, User_ID_channel) VALUES (187, '2009-01-01 17:07:52.500', 163, 22)
INSERT dbo.Subscribe(Subscriber_ID, Subscribe_date, User_ID_subscriber, User_ID_channel) VALUES (188, '2009-01-01 00:00:01.090', 183, 171)
INSERT dbo.Subscribe(Subscriber_ID, Subscribe_date, User_ID_subscriber, User_ID_channel) VALUES (189, '2015-01-04 02:45:36.640', 79, 109)
INSERT dbo.Subscribe(Subscriber_ID, Subscribe_date, User_ID_subscriber, User_ID_channel) VALUES (190, '2010-07-29 12:46:19.500', 4, 190)
INSERT dbo.Subscribe(Subscriber_ID, Subscribe_date, User_ID_subscriber, User_ID_channel) VALUES (191, '2009-10-23 06:27:55.740', 25, 86)
INSERT dbo.Subscribe(Subscriber_ID, Subscribe_date, User_ID_subscriber, User_ID_channel) VALUES (192, '2009-02-05 15:14:11.910', 166, 189)
INSERT dbo.Subscribe(Subscriber_ID, Subscribe_date, User_ID_subscriber, User_ID_channel) VALUES (193, '2009-01-02 06:20:05.250', 184, 173)
INSERT dbo.Subscribe(Subscriber_ID, Subscribe_date, User_ID_subscriber, User_ID_channel) VALUES (194, '2011-10-13 05:06:01.860', 169, 23)
INSERT dbo.Subscribe(Subscriber_ID, Subscribe_date, User_ID_subscriber, User_ID_channel) VALUES (195, '2009-01-01 00:00:01.380', 100, 153)
INSERT dbo.Subscribe(Subscriber_ID, Subscribe_date, User_ID_subscriber, User_ID_channel) VALUES (196, '2010-04-06 07:40:08.680', 1, 3)
INSERT dbo.Subscribe(Subscriber_ID, Subscribe_date, User_ID_subscriber, User_ID_channel) VALUES (197, '2009-12-19 23:55:31.860', 5, 43)
INSERT dbo.Subscribe(Subscriber_ID, Subscribe_date, User_ID_subscriber, User_ID_channel) VALUES (198, '2009-01-01 00:00:55.530', 143, 24)
INSERT dbo.Subscribe(Subscriber_ID, Subscribe_date, User_ID_subscriber, User_ID_channel) VALUES (199, '2010-02-10 21:55:50.150', 187, 133)
INSERT dbo.Subscribe(Subscriber_ID, Subscribe_date, User_ID_subscriber, User_ID_channel) VALUES (200, '2009-01-01 05:37:01.140', 167, 154)
GO

--
-- Inserting data into table dbo.User_Playlist
--
INSERT dbo.User_Playlist(User_ID, Playlist_ID) VALUES (27, 12)
INSERT dbo.User_Playlist(User_ID, Playlist_ID) VALUES (11, 9)
INSERT dbo.User_Playlist(User_ID, Playlist_ID) VALUES (15, 11)
INSERT dbo.User_Playlist(User_ID, Playlist_ID) VALUES (2, 1)
INSERT dbo.User_Playlist(User_ID, Playlist_ID) VALUES (19, 11)
INSERT dbo.User_Playlist(User_ID, Playlist_ID) VALUES (24, 8)
INSERT dbo.User_Playlist(User_ID, Playlist_ID) VALUES (21, 7)
INSERT dbo.User_Playlist(User_ID, Playlist_ID) VALUES (17, 1)
INSERT dbo.User_Playlist(User_ID, Playlist_ID) VALUES (22, 8)
INSERT dbo.User_Playlist(User_ID, Playlist_ID) VALUES (10, 3)
INSERT dbo.User_Playlist(User_ID, Playlist_ID) VALUES (14, 8)
INSERT dbo.User_Playlist(User_ID, Playlist_ID) VALUES (16, 12)
INSERT dbo.User_Playlist(User_ID, Playlist_ID) VALUES (15, 5)
INSERT dbo.User_Playlist(User_ID, Playlist_ID) VALUES (15, 9)
INSERT dbo.User_Playlist(User_ID, Playlist_ID) VALUES (6, 1)
INSERT dbo.User_Playlist(User_ID, Playlist_ID) VALUES (18, 2)
INSERT dbo.User_Playlist(User_ID, Playlist_ID) VALUES (16, 10)
INSERT dbo.User_Playlist(User_ID, Playlist_ID) VALUES (14, 2)
INSERT dbo.User_Playlist(User_ID, Playlist_ID) VALUES (16, 6)
INSERT dbo.User_Playlist(User_ID, Playlist_ID) VALUES (23, 9)
INSERT dbo.User_Playlist(User_ID, Playlist_ID) VALUES (20, 12)
INSERT dbo.User_Playlist(User_ID, Playlist_ID) VALUES (11, 4)
INSERT dbo.User_Playlist(User_ID, Playlist_ID) VALUES (19, 3)
INSERT dbo.User_Playlist(User_ID, Playlist_ID) VALUES (12, 10)
INSERT dbo.User_Playlist(User_ID, Playlist_ID) VALUES (10, 1)
INSERT dbo.User_Playlist(User_ID, Playlist_ID) VALUES (7, 2)
INSERT dbo.User_Playlist(User_ID, Playlist_ID) VALUES (9, 6)
INSERT dbo.User_Playlist(User_ID, Playlist_ID) VALUES (12, 5)
INSERT dbo.User_Playlist(User_ID, Playlist_ID) VALUES (15, 3)
INSERT dbo.User_Playlist(User_ID, Playlist_ID) VALUES (17, 7)
INSERT dbo.User_Playlist(User_ID, Playlist_ID) VALUES (8, 3)
INSERT dbo.User_Playlist(User_ID, Playlist_ID) VALUES (24, 10)
INSERT dbo.User_Playlist(User_ID, Playlist_ID) VALUES (3, 2)
INSERT dbo.User_Playlist(User_ID, Playlist_ID) VALUES (16, 4)
INSERT dbo.User_Playlist(User_ID, Playlist_ID) VALUES (18, 8)
INSERT dbo.User_Playlist(User_ID, Playlist_ID) VALUES (11, 2)
INSERT dbo.User_Playlist(User_ID, Playlist_ID) VALUES (17, 5)
INSERT dbo.User_Playlist(User_ID, Playlist_ID) VALUES (10, 7)
INSERT dbo.User_Playlist(User_ID, Playlist_ID) VALUES (9, 4)
INSERT dbo.User_Playlist(User_ID, Playlist_ID) VALUES (13, 11)
INSERT dbo.User_Playlist(User_ID, Playlist_ID) VALUES (20, 4)
INSERT dbo.User_Playlist(User_ID, Playlist_ID) VALUES (25, 11)
INSERT dbo.User_Playlist(User_ID, Playlist_ID) VALUES (19, 9)
INSERT dbo.User_Playlist(User_ID, Playlist_ID) VALUES (18, 6)
INSERT dbo.User_Playlist(User_ID, Playlist_ID) VALUES (4, 3)
INSERT dbo.User_Playlist(User_ID, Playlist_ID) VALUES (13, 6)
INSERT dbo.User_Playlist(User_ID, Playlist_ID) VALUES (21, 5)
INSERT dbo.User_Playlist(User_ID, Playlist_ID) VALUES (26, 12)
INSERT dbo.User_Playlist(User_ID, Playlist_ID) VALUES (22, 6)
INSERT dbo.User_Playlist(User_ID, Playlist_ID) VALUES (20, 10)
INSERT dbo.User_Playlist(User_ID, Playlist_ID) VALUES (16, 1)
INSERT dbo.User_Playlist(User_ID, Playlist_ID) VALUES (12, 3)
INSERT dbo.User_Playlist(User_ID, Playlist_ID) VALUES (14, 7)
INSERT dbo.User_Playlist(User_ID, Playlist_ID) VALUES (14, 12)
INSERT dbo.User_Playlist(User_ID, Playlist_ID) VALUES (11, 8)
INSERT dbo.User_Playlist(User_ID, Playlist_ID) VALUES (19, 7)
INSERT dbo.User_Playlist(User_ID, Playlist_ID) VALUES (10, 5)
INSERT dbo.User_Playlist(User_ID, Playlist_ID) VALUES (5, 4)
INSERT dbo.User_Playlist(User_ID, Playlist_ID) VALUES (23, 7)
INSERT dbo.User_Playlist(User_ID, Playlist_ID) VALUES (21, 11)
INSERT dbo.User_Playlist(User_ID, Playlist_ID) VALUES (13, 4)
INSERT dbo.User_Playlist(User_ID, Playlist_ID) VALUES (4, 1)
INSERT dbo.User_Playlist(User_ID, Playlist_ID) VALUES (17, 2)
INSERT dbo.User_Playlist(User_ID, Playlist_ID) VALUES (15, 8)
INSERT dbo.User_Playlist(User_ID, Playlist_ID) VALUES (22, 9)
INSERT dbo.User_Playlist(User_ID, Playlist_ID) VALUES (6, 5)
INSERT dbo.User_Playlist(User_ID, Playlist_ID) VALUES (5, 2)
INSERT dbo.User_Playlist(User_ID, Playlist_ID) VALUES (7, 6)
INSERT dbo.User_Playlist(User_ID, Playlist_ID) VALUES (20, 8)
INSERT dbo.User_Playlist(User_ID, Playlist_ID) VALUES (18, 3)
INSERT dbo.User_Playlist(User_ID, Playlist_ID) VALUES (12, 9)
INSERT dbo.User_Playlist(User_ID, Playlist_ID) VALUES (6, 3)
INSERT dbo.User_Playlist(User_ID, Playlist_ID) VALUES (11, 6)
INSERT dbo.User_Playlist(User_ID, Playlist_ID) VALUES (14, 5)
INSERT dbo.User_Playlist(User_ID, Playlist_ID) VALUES (23, 10)
INSERT dbo.User_Playlist(User_ID, Playlist_ID) VALUES (16, 9)
INSERT dbo.User_Playlist(User_ID, Playlist_ID) VALUES (19, 4)
INSERT dbo.User_Playlist(User_ID, Playlist_ID) VALUES (13, 10)
INSERT dbo.User_Playlist(User_ID, Playlist_ID) VALUES (24, 11)
INSERT dbo.User_Playlist(User_ID, Playlist_ID) VALUES (20, 5)
INSERT dbo.User_Playlist(User_ID, Playlist_ID) VALUES (12, 7)
INSERT dbo.User_Playlist(User_ID, Playlist_ID) VALUES (14, 11)
INSERT dbo.User_Playlist(User_ID, Playlist_ID) VALUES (22, 12)
INSERT dbo.User_Playlist(User_ID, Playlist_ID) VALUES (8, 7)
INSERT dbo.User_Playlist(User_ID, Playlist_ID) VALUES (21, 9)
INSERT dbo.User_Playlist(User_ID, Playlist_ID) VALUES (12, 1)
INSERT dbo.User_Playlist(User_ID, Playlist_ID) VALUES (13, 8)
INSERT dbo.User_Playlist(User_ID, Playlist_ID) VALUES (25, 12)
INSERT dbo.User_Playlist(User_ID, Playlist_ID) VALUES (15, 6)
INSERT dbo.User_Playlist(User_ID, Playlist_ID) VALUES (7, 4)
INSERT dbo.User_Playlist(User_ID, Playlist_ID) VALUES (15, 12)
INSERT dbo.User_Playlist(User_ID, Playlist_ID) VALUES (22, 10)
INSERT dbo.User_Playlist(User_ID, Playlist_ID) VALUES (14, 9)
INSERT dbo.User_Playlist(User_ID, Playlist_ID) VALUES (13, 2)
INSERT dbo.User_Playlist(User_ID, Playlist_ID) VALUES (17, 10)
INSERT dbo.User_Playlist(User_ID, Playlist_ID) VALUES (21, 6)
INSERT dbo.User_Playlist(User_ID, Playlist_ID) VALUES (15, 1)
INSERT dbo.User_Playlist(User_ID, Playlist_ID) VALUES (9, 8)
INSERT dbo.User_Playlist(User_ID, Playlist_ID) VALUES (23, 11)
INSERT dbo.User_Playlist(User_ID, Playlist_ID) VALUES (8, 5)
INSERT dbo.User_Playlist(User_ID, Playlist_ID) VALUES (5, 1)
INSERT dbo.User_Playlist(User_ID, Playlist_ID) VALUES (22, 7)
INSERT dbo.User_Playlist(User_ID, Playlist_ID) VALUES (15, 10)
INSERT dbo.User_Playlist(User_ID, Playlist_ID) VALUES (10, 9)
INSERT dbo.User_Playlist(User_ID, Playlist_ID) VALUES (16, 7)
INSERT dbo.User_Playlist(User_ID, Playlist_ID) VALUES (16, 2)
INSERT dbo.User_Playlist(User_ID, Playlist_ID) VALUES (6, 2)
INSERT dbo.User_Playlist(User_ID, Playlist_ID) VALUES (23, 8)
INSERT dbo.User_Playlist(User_ID, Playlist_ID) VALUES (16, 11)
INSERT dbo.User_Playlist(User_ID, Playlist_ID) VALUES (14, 3)
INSERT dbo.User_Playlist(User_ID, Playlist_ID) VALUES (24, 12)
INSERT dbo.User_Playlist(User_ID, Playlist_ID) VALUES (17, 3)
INSERT dbo.User_Playlist(User_ID, Playlist_ID) VALUES (1, 1)
INSERT dbo.User_Playlist(User_ID, Playlist_ID) VALUES (24, 9)
INSERT dbo.User_Playlist(User_ID, Playlist_ID) VALUES (18, 11)
INSERT dbo.User_Playlist(User_ID, Playlist_ID) VALUES (7, 3)
INSERT dbo.User_Playlist(User_ID, Playlist_ID) VALUES (17, 8)
INSERT dbo.User_Playlist(User_ID, Playlist_ID) VALUES (18, 4)
INSERT dbo.User_Playlist(User_ID, Playlist_ID) VALUES (25, 10)
INSERT dbo.User_Playlist(User_ID, Playlist_ID) VALUES (17, 12)
INSERT dbo.User_Playlist(User_ID, Playlist_ID) VALUES (15, 4)
INSERT dbo.User_Playlist(User_ID, Playlist_ID) VALUES (8, 4)
INSERT dbo.User_Playlist(User_ID, Playlist_ID) VALUES (14, 1)
INSERT dbo.User_Playlist(User_ID, Playlist_ID) VALUES (19, 12)
INSERT dbo.User_Playlist(User_ID, Playlist_ID) VALUES (18, 9)
INSERT dbo.User_Playlist(User_ID, Playlist_ID) VALUES (9, 1)
INSERT dbo.User_Playlist(User_ID, Playlist_ID) VALUES (16, 5)
INSERT dbo.User_Playlist(User_ID, Playlist_ID) VALUES (19, 10)
INSERT dbo.User_Playlist(User_ID, Playlist_ID) VALUES (11, 10)
INSERT dbo.User_Playlist(User_ID, Playlist_ID) VALUES (2, 2)
INSERT dbo.User_Playlist(User_ID, Playlist_ID) VALUES (15, 2)
INSERT dbo.User_Playlist(User_ID, Playlist_ID) VALUES (19, 5)
INSERT dbo.User_Playlist(User_ID, Playlist_ID) VALUES (10, 2)
INSERT dbo.User_Playlist(User_ID, Playlist_ID) VALUES (26, 11)
INSERT dbo.User_Playlist(User_ID, Playlist_ID) VALUES (17, 6)
INSERT dbo.User_Playlist(User_ID, Playlist_ID) VALUES (7, 1)
INSERT dbo.User_Playlist(User_ID, Playlist_ID) VALUES (20, 6)
INSERT dbo.User_Playlist(User_ID, Playlist_ID) VALUES (20, 11)
INSERT dbo.User_Playlist(User_ID, Playlist_ID) VALUES (16, 3)
INSERT dbo.User_Playlist(User_ID, Playlist_ID) VALUES (9, 5)
INSERT dbo.User_Playlist(User_ID, Playlist_ID) VALUES (8, 2)
INSERT dbo.User_Playlist(User_ID, Playlist_ID) VALUES (11, 3)
INSERT dbo.User_Playlist(User_ID, Playlist_ID) VALUES (21, 12)
INSERT dbo.User_Playlist(User_ID, Playlist_ID) VALUES (10, 6)
INSERT dbo.User_Playlist(User_ID, Playlist_ID) VALUES (12, 11)
INSERT dbo.User_Playlist(User_ID, Playlist_ID) VALUES (12, 4)
INSERT dbo.User_Playlist(User_ID, Playlist_ID) VALUES (9, 3)
INSERT dbo.User_Playlist(User_ID, Playlist_ID) VALUES (11, 7)
INSERT dbo.User_Playlist(User_ID, Playlist_ID) VALUES (3, 3)
INSERT dbo.User_Playlist(User_ID, Playlist_ID) VALUES (10, 4)
INSERT dbo.User_Playlist(User_ID, Playlist_ID) VALUES (13, 12)
INSERT dbo.User_Playlist(User_ID, Playlist_ID) VALUES (4, 4)
INSERT dbo.User_Playlist(User_ID, Playlist_ID) VALUES (12, 8)
INSERT dbo.User_Playlist(User_ID, Playlist_ID) VALUES (11, 5)
INSERT dbo.User_Playlist(User_ID, Playlist_ID) VALUES (18, 7)
INSERT dbo.User_Playlist(User_ID, Playlist_ID) VALUES (13, 9)
INSERT dbo.User_Playlist(User_ID, Playlist_ID) VALUES (17, 4)
INSERT dbo.User_Playlist(User_ID, Playlist_ID) VALUES (11, 1)
INSERT dbo.User_Playlist(User_ID, Playlist_ID) VALUES (19, 8)
INSERT dbo.User_Playlist(User_ID, Playlist_ID) VALUES (3, 1)
INSERT dbo.User_Playlist(User_ID, Playlist_ID) VALUES (13, 5)
INSERT dbo.User_Playlist(User_ID, Playlist_ID) VALUES (18, 5)
INSERT dbo.User_Playlist(User_ID, Playlist_ID) VALUES (12, 6)
INSERT dbo.User_Playlist(User_ID, Playlist_ID) VALUES (5, 5)
INSERT dbo.User_Playlist(User_ID, Playlist_ID) VALUES (20, 9)
INSERT dbo.User_Playlist(User_ID, Playlist_ID) VALUES (14, 10)
INSERT dbo.User_Playlist(User_ID, Playlist_ID) VALUES (4, 2)
INSERT dbo.User_Playlist(User_ID, Playlist_ID) VALUES (6, 6)
INSERT dbo.User_Playlist(User_ID, Playlist_ID) VALUES (5, 3)
INSERT dbo.User_Playlist(User_ID, Playlist_ID) VALUES (13, 7)
INSERT dbo.User_Playlist(User_ID, Playlist_ID) VALUES (19, 6)
INSERT dbo.User_Playlist(User_ID, Playlist_ID) VALUES (21, 10)
INSERT dbo.User_Playlist(User_ID, Playlist_ID) VALUES (20, 7)
INSERT dbo.User_Playlist(User_ID, Playlist_ID) VALUES (7, 7)
INSERT dbo.User_Playlist(User_ID, Playlist_ID) VALUES (22, 11)
INSERT dbo.User_Playlist(User_ID, Playlist_ID) VALUES (21, 8)
INSERT dbo.User_Playlist(User_ID, Playlist_ID) VALUES (6, 4)
INSERT dbo.User_Playlist(User_ID, Playlist_ID) VALUES (12, 2)
INSERT dbo.User_Playlist(User_ID, Playlist_ID) VALUES (8, 8)
INSERT dbo.User_Playlist(User_ID, Playlist_ID) VALUES (7, 5)
INSERT dbo.User_Playlist(User_ID, Playlist_ID) VALUES (9, 9)
INSERT dbo.User_Playlist(User_ID, Playlist_ID) VALUES (23, 12)
INSERT dbo.User_Playlist(User_ID, Playlist_ID) VALUES (14, 4)
INSERT dbo.User_Playlist(User_ID, Playlist_ID) VALUES (13, 1)
INSERT dbo.User_Playlist(User_ID, Playlist_ID) VALUES (14, 6)
INSERT dbo.User_Playlist(User_ID, Playlist_ID) VALUES (8, 6)
INSERT dbo.User_Playlist(User_ID, Playlist_ID) VALUES (13, 3)
INSERT dbo.User_Playlist(User_ID, Playlist_ID) VALUES (15, 7)
INSERT dbo.User_Playlist(User_ID, Playlist_ID) VALUES (17, 11)
INSERT dbo.User_Playlist(User_ID, Playlist_ID) VALUES (10, 10)
INSERT dbo.User_Playlist(User_ID, Playlist_ID) VALUES (16, 8)
INSERT dbo.User_Playlist(User_ID, Playlist_ID) VALUES (18, 12)
INSERT dbo.User_Playlist(User_ID, Playlist_ID) VALUES (17, 9)
INSERT dbo.User_Playlist(User_ID, Playlist_ID) VALUES (8, 1)
INSERT dbo.User_Playlist(User_ID, Playlist_ID) VALUES (9, 7)
INSERT dbo.User_Playlist(User_ID, Playlist_ID) VALUES (18, 10)
INSERT dbo.User_Playlist(User_ID, Playlist_ID) VALUES (11, 11)
INSERT dbo.User_Playlist(User_ID, Playlist_ID) VALUES (9, 2)
INSERT dbo.User_Playlist(User_ID, Playlist_ID) VALUES (10, 8)
INSERT dbo.User_Playlist(User_ID, Playlist_ID) VALUES (12, 12)
GO

--
-- Inserting data into table dbo.Video_Playlist
--
INSERT dbo.Video_Playlist(Video_ID, Playlist_ID) VALUES (27, 12)
INSERT dbo.Video_Playlist(Video_ID, Playlist_ID) VALUES (11, 9)
INSERT dbo.Video_Playlist(Video_ID, Playlist_ID) VALUES (15, 11)
INSERT dbo.Video_Playlist(Video_ID, Playlist_ID) VALUES (2, 1)
INSERT dbo.Video_Playlist(Video_ID, Playlist_ID) VALUES (19, 11)
INSERT dbo.Video_Playlist(Video_ID, Playlist_ID) VALUES (24, 8)
INSERT dbo.Video_Playlist(Video_ID, Playlist_ID) VALUES (21, 7)
INSERT dbo.Video_Playlist(Video_ID, Playlist_ID) VALUES (17, 1)
INSERT dbo.Video_Playlist(Video_ID, Playlist_ID) VALUES (22, 8)
INSERT dbo.Video_Playlist(Video_ID, Playlist_ID) VALUES (10, 3)
INSERT dbo.Video_Playlist(Video_ID, Playlist_ID) VALUES (14, 8)
INSERT dbo.Video_Playlist(Video_ID, Playlist_ID) VALUES (16, 12)
INSERT dbo.Video_Playlist(Video_ID, Playlist_ID) VALUES (15, 5)
INSERT dbo.Video_Playlist(Video_ID, Playlist_ID) VALUES (15, 9)
INSERT dbo.Video_Playlist(Video_ID, Playlist_ID) VALUES (6, 1)
INSERT dbo.Video_Playlist(Video_ID, Playlist_ID) VALUES (18, 2)
INSERT dbo.Video_Playlist(Video_ID, Playlist_ID) VALUES (16, 10)
INSERT dbo.Video_Playlist(Video_ID, Playlist_ID) VALUES (14, 2)
INSERT dbo.Video_Playlist(Video_ID, Playlist_ID) VALUES (16, 6)
INSERT dbo.Video_Playlist(Video_ID, Playlist_ID) VALUES (23, 9)
INSERT dbo.Video_Playlist(Video_ID, Playlist_ID) VALUES (20, 12)
INSERT dbo.Video_Playlist(Video_ID, Playlist_ID) VALUES (11, 4)
INSERT dbo.Video_Playlist(Video_ID, Playlist_ID) VALUES (19, 3)
INSERT dbo.Video_Playlist(Video_ID, Playlist_ID) VALUES (12, 10)
INSERT dbo.Video_Playlist(Video_ID, Playlist_ID) VALUES (10, 1)
INSERT dbo.Video_Playlist(Video_ID, Playlist_ID) VALUES (7, 2)
INSERT dbo.Video_Playlist(Video_ID, Playlist_ID) VALUES (9, 6)
INSERT dbo.Video_Playlist(Video_ID, Playlist_ID) VALUES (12, 5)
INSERT dbo.Video_Playlist(Video_ID, Playlist_ID) VALUES (15, 3)
INSERT dbo.Video_Playlist(Video_ID, Playlist_ID) VALUES (17, 7)
INSERT dbo.Video_Playlist(Video_ID, Playlist_ID) VALUES (8, 3)
INSERT dbo.Video_Playlist(Video_ID, Playlist_ID) VALUES (24, 10)
INSERT dbo.Video_Playlist(Video_ID, Playlist_ID) VALUES (3, 2)
INSERT dbo.Video_Playlist(Video_ID, Playlist_ID) VALUES (16, 4)
INSERT dbo.Video_Playlist(Video_ID, Playlist_ID) VALUES (18, 8)
INSERT dbo.Video_Playlist(Video_ID, Playlist_ID) VALUES (11, 2)
INSERT dbo.Video_Playlist(Video_ID, Playlist_ID) VALUES (17, 5)
INSERT dbo.Video_Playlist(Video_ID, Playlist_ID) VALUES (10, 7)
INSERT dbo.Video_Playlist(Video_ID, Playlist_ID) VALUES (9, 4)
INSERT dbo.Video_Playlist(Video_ID, Playlist_ID) VALUES (13, 11)
INSERT dbo.Video_Playlist(Video_ID, Playlist_ID) VALUES (20, 4)
INSERT dbo.Video_Playlist(Video_ID, Playlist_ID) VALUES (25, 11)
INSERT dbo.Video_Playlist(Video_ID, Playlist_ID) VALUES (19, 9)
INSERT dbo.Video_Playlist(Video_ID, Playlist_ID) VALUES (18, 6)
INSERT dbo.Video_Playlist(Video_ID, Playlist_ID) VALUES (4, 3)
INSERT dbo.Video_Playlist(Video_ID, Playlist_ID) VALUES (13, 6)
INSERT dbo.Video_Playlist(Video_ID, Playlist_ID) VALUES (21, 5)
INSERT dbo.Video_Playlist(Video_ID, Playlist_ID) VALUES (26, 12)
INSERT dbo.Video_Playlist(Video_ID, Playlist_ID) VALUES (22, 6)
INSERT dbo.Video_Playlist(Video_ID, Playlist_ID) VALUES (20, 10)
INSERT dbo.Video_Playlist(Video_ID, Playlist_ID) VALUES (16, 1)
INSERT dbo.Video_Playlist(Video_ID, Playlist_ID) VALUES (12, 3)
INSERT dbo.Video_Playlist(Video_ID, Playlist_ID) VALUES (14, 7)
INSERT dbo.Video_Playlist(Video_ID, Playlist_ID) VALUES (14, 12)
INSERT dbo.Video_Playlist(Video_ID, Playlist_ID) VALUES (11, 8)
INSERT dbo.Video_Playlist(Video_ID, Playlist_ID) VALUES (19, 7)
INSERT dbo.Video_Playlist(Video_ID, Playlist_ID) VALUES (10, 5)
INSERT dbo.Video_Playlist(Video_ID, Playlist_ID) VALUES (5, 4)
INSERT dbo.Video_Playlist(Video_ID, Playlist_ID) VALUES (23, 7)
INSERT dbo.Video_Playlist(Video_ID, Playlist_ID) VALUES (21, 11)
INSERT dbo.Video_Playlist(Video_ID, Playlist_ID) VALUES (13, 4)
INSERT dbo.Video_Playlist(Video_ID, Playlist_ID) VALUES (4, 1)
INSERT dbo.Video_Playlist(Video_ID, Playlist_ID) VALUES (17, 2)
INSERT dbo.Video_Playlist(Video_ID, Playlist_ID) VALUES (15, 8)
INSERT dbo.Video_Playlist(Video_ID, Playlist_ID) VALUES (22, 9)
INSERT dbo.Video_Playlist(Video_ID, Playlist_ID) VALUES (6, 5)
INSERT dbo.Video_Playlist(Video_ID, Playlist_ID) VALUES (5, 2)
INSERT dbo.Video_Playlist(Video_ID, Playlist_ID) VALUES (7, 6)
INSERT dbo.Video_Playlist(Video_ID, Playlist_ID) VALUES (20, 8)
INSERT dbo.Video_Playlist(Video_ID, Playlist_ID) VALUES (18, 3)
INSERT dbo.Video_Playlist(Video_ID, Playlist_ID) VALUES (12, 9)
INSERT dbo.Video_Playlist(Video_ID, Playlist_ID) VALUES (6, 3)
INSERT dbo.Video_Playlist(Video_ID, Playlist_ID) VALUES (11, 6)
INSERT dbo.Video_Playlist(Video_ID, Playlist_ID) VALUES (14, 5)
INSERT dbo.Video_Playlist(Video_ID, Playlist_ID) VALUES (23, 10)
INSERT dbo.Video_Playlist(Video_ID, Playlist_ID) VALUES (16, 9)
INSERT dbo.Video_Playlist(Video_ID, Playlist_ID) VALUES (19, 4)
INSERT dbo.Video_Playlist(Video_ID, Playlist_ID) VALUES (13, 10)
INSERT dbo.Video_Playlist(Video_ID, Playlist_ID) VALUES (24, 11)
INSERT dbo.Video_Playlist(Video_ID, Playlist_ID) VALUES (20, 5)
INSERT dbo.Video_Playlist(Video_ID, Playlist_ID) VALUES (12, 7)
INSERT dbo.Video_Playlist(Video_ID, Playlist_ID) VALUES (14, 11)
INSERT dbo.Video_Playlist(Video_ID, Playlist_ID) VALUES (22, 12)
INSERT dbo.Video_Playlist(Video_ID, Playlist_ID) VALUES (8, 7)
INSERT dbo.Video_Playlist(Video_ID, Playlist_ID) VALUES (21, 9)
INSERT dbo.Video_Playlist(Video_ID, Playlist_ID) VALUES (12, 1)
INSERT dbo.Video_Playlist(Video_ID, Playlist_ID) VALUES (13, 8)
INSERT dbo.Video_Playlist(Video_ID, Playlist_ID) VALUES (25, 12)
INSERT dbo.Video_Playlist(Video_ID, Playlist_ID) VALUES (15, 6)
INSERT dbo.Video_Playlist(Video_ID, Playlist_ID) VALUES (7, 4)
INSERT dbo.Video_Playlist(Video_ID, Playlist_ID) VALUES (15, 12)
INSERT dbo.Video_Playlist(Video_ID, Playlist_ID) VALUES (22, 10)
INSERT dbo.Video_Playlist(Video_ID, Playlist_ID) VALUES (14, 9)
INSERT dbo.Video_Playlist(Video_ID, Playlist_ID) VALUES (13, 2)
INSERT dbo.Video_Playlist(Video_ID, Playlist_ID) VALUES (17, 10)
INSERT dbo.Video_Playlist(Video_ID, Playlist_ID) VALUES (21, 6)
INSERT dbo.Video_Playlist(Video_ID, Playlist_ID) VALUES (15, 1)
INSERT dbo.Video_Playlist(Video_ID, Playlist_ID) VALUES (9, 8)
INSERT dbo.Video_Playlist(Video_ID, Playlist_ID) VALUES (23, 11)
INSERT dbo.Video_Playlist(Video_ID, Playlist_ID) VALUES (8, 5)
INSERT dbo.Video_Playlist(Video_ID, Playlist_ID) VALUES (5, 1)
INSERT dbo.Video_Playlist(Video_ID, Playlist_ID) VALUES (22, 7)
INSERT dbo.Video_Playlist(Video_ID, Playlist_ID) VALUES (15, 10)
INSERT dbo.Video_Playlist(Video_ID, Playlist_ID) VALUES (10, 9)
INSERT dbo.Video_Playlist(Video_ID, Playlist_ID) VALUES (16, 7)
INSERT dbo.Video_Playlist(Video_ID, Playlist_ID) VALUES (16, 2)
INSERT dbo.Video_Playlist(Video_ID, Playlist_ID) VALUES (6, 2)
INSERT dbo.Video_Playlist(Video_ID, Playlist_ID) VALUES (23, 8)
INSERT dbo.Video_Playlist(Video_ID, Playlist_ID) VALUES (16, 11)
INSERT dbo.Video_Playlist(Video_ID, Playlist_ID) VALUES (14, 3)
INSERT dbo.Video_Playlist(Video_ID, Playlist_ID) VALUES (24, 12)
INSERT dbo.Video_Playlist(Video_ID, Playlist_ID) VALUES (17, 3)
INSERT dbo.Video_Playlist(Video_ID, Playlist_ID) VALUES (1, 1)
INSERT dbo.Video_Playlist(Video_ID, Playlist_ID) VALUES (24, 9)
INSERT dbo.Video_Playlist(Video_ID, Playlist_ID) VALUES (18, 11)
INSERT dbo.Video_Playlist(Video_ID, Playlist_ID) VALUES (7, 3)
INSERT dbo.Video_Playlist(Video_ID, Playlist_ID) VALUES (17, 8)
INSERT dbo.Video_Playlist(Video_ID, Playlist_ID) VALUES (18, 4)
INSERT dbo.Video_Playlist(Video_ID, Playlist_ID) VALUES (25, 10)
INSERT dbo.Video_Playlist(Video_ID, Playlist_ID) VALUES (17, 12)
INSERT dbo.Video_Playlist(Video_ID, Playlist_ID) VALUES (15, 4)
INSERT dbo.Video_Playlist(Video_ID, Playlist_ID) VALUES (8, 4)
INSERT dbo.Video_Playlist(Video_ID, Playlist_ID) VALUES (14, 1)
INSERT dbo.Video_Playlist(Video_ID, Playlist_ID) VALUES (19, 12)
INSERT dbo.Video_Playlist(Video_ID, Playlist_ID) VALUES (18, 9)
INSERT dbo.Video_Playlist(Video_ID, Playlist_ID) VALUES (9, 1)
INSERT dbo.Video_Playlist(Video_ID, Playlist_ID) VALUES (16, 5)
INSERT dbo.Video_Playlist(Video_ID, Playlist_ID) VALUES (19, 10)
INSERT dbo.Video_Playlist(Video_ID, Playlist_ID) VALUES (11, 10)
INSERT dbo.Video_Playlist(Video_ID, Playlist_ID) VALUES (2, 2)
INSERT dbo.Video_Playlist(Video_ID, Playlist_ID) VALUES (15, 2)
INSERT dbo.Video_Playlist(Video_ID, Playlist_ID) VALUES (19, 5)
INSERT dbo.Video_Playlist(Video_ID, Playlist_ID) VALUES (10, 2)
INSERT dbo.Video_Playlist(Video_ID, Playlist_ID) VALUES (26, 11)
INSERT dbo.Video_Playlist(Video_ID, Playlist_ID) VALUES (17, 6)
INSERT dbo.Video_Playlist(Video_ID, Playlist_ID) VALUES (7, 1)
INSERT dbo.Video_Playlist(Video_ID, Playlist_ID) VALUES (20, 6)
INSERT dbo.Video_Playlist(Video_ID, Playlist_ID) VALUES (20, 11)
INSERT dbo.Video_Playlist(Video_ID, Playlist_ID) VALUES (16, 3)
INSERT dbo.Video_Playlist(Video_ID, Playlist_ID) VALUES (9, 5)
INSERT dbo.Video_Playlist(Video_ID, Playlist_ID) VALUES (8, 2)
INSERT dbo.Video_Playlist(Video_ID, Playlist_ID) VALUES (11, 3)
INSERT dbo.Video_Playlist(Video_ID, Playlist_ID) VALUES (21, 12)
INSERT dbo.Video_Playlist(Video_ID, Playlist_ID) VALUES (10, 6)
INSERT dbo.Video_Playlist(Video_ID, Playlist_ID) VALUES (12, 11)
INSERT dbo.Video_Playlist(Video_ID, Playlist_ID) VALUES (12, 4)
INSERT dbo.Video_Playlist(Video_ID, Playlist_ID) VALUES (9, 3)
INSERT dbo.Video_Playlist(Video_ID, Playlist_ID) VALUES (11, 7)
INSERT dbo.Video_Playlist(Video_ID, Playlist_ID) VALUES (3, 3)
INSERT dbo.Video_Playlist(Video_ID, Playlist_ID) VALUES (10, 4)
INSERT dbo.Video_Playlist(Video_ID, Playlist_ID) VALUES (13, 12)
INSERT dbo.Video_Playlist(Video_ID, Playlist_ID) VALUES (4, 4)
INSERT dbo.Video_Playlist(Video_ID, Playlist_ID) VALUES (12, 8)
INSERT dbo.Video_Playlist(Video_ID, Playlist_ID) VALUES (11, 5)
INSERT dbo.Video_Playlist(Video_ID, Playlist_ID) VALUES (18, 7)
INSERT dbo.Video_Playlist(Video_ID, Playlist_ID) VALUES (13, 9)
INSERT dbo.Video_Playlist(Video_ID, Playlist_ID) VALUES (17, 4)
INSERT dbo.Video_Playlist(Video_ID, Playlist_ID) VALUES (11, 1)
INSERT dbo.Video_Playlist(Video_ID, Playlist_ID) VALUES (19, 8)
INSERT dbo.Video_Playlist(Video_ID, Playlist_ID) VALUES (3, 1)
INSERT dbo.Video_Playlist(Video_ID, Playlist_ID) VALUES (13, 5)
INSERT dbo.Video_Playlist(Video_ID, Playlist_ID) VALUES (18, 5)
INSERT dbo.Video_Playlist(Video_ID, Playlist_ID) VALUES (12, 6)
INSERT dbo.Video_Playlist(Video_ID, Playlist_ID) VALUES (5, 5)
INSERT dbo.Video_Playlist(Video_ID, Playlist_ID) VALUES (20, 9)
INSERT dbo.Video_Playlist(Video_ID, Playlist_ID) VALUES (14, 10)
INSERT dbo.Video_Playlist(Video_ID, Playlist_ID) VALUES (4, 2)
INSERT dbo.Video_Playlist(Video_ID, Playlist_ID) VALUES (6, 6)
INSERT dbo.Video_Playlist(Video_ID, Playlist_ID) VALUES (5, 3)
INSERT dbo.Video_Playlist(Video_ID, Playlist_ID) VALUES (13, 7)
INSERT dbo.Video_Playlist(Video_ID, Playlist_ID) VALUES (19, 6)
INSERT dbo.Video_Playlist(Video_ID, Playlist_ID) VALUES (21, 10)
INSERT dbo.Video_Playlist(Video_ID, Playlist_ID) VALUES (20, 7)
INSERT dbo.Video_Playlist(Video_ID, Playlist_ID) VALUES (7, 7)
INSERT dbo.Video_Playlist(Video_ID, Playlist_ID) VALUES (22, 11)
INSERT dbo.Video_Playlist(Video_ID, Playlist_ID) VALUES (21, 8)
INSERT dbo.Video_Playlist(Video_ID, Playlist_ID) VALUES (6, 4)
INSERT dbo.Video_Playlist(Video_ID, Playlist_ID) VALUES (12, 2)
INSERT dbo.Video_Playlist(Video_ID, Playlist_ID) VALUES (8, 8)
INSERT dbo.Video_Playlist(Video_ID, Playlist_ID) VALUES (7, 5)
INSERT dbo.Video_Playlist(Video_ID, Playlist_ID) VALUES (9, 9)
INSERT dbo.Video_Playlist(Video_ID, Playlist_ID) VALUES (23, 12)
INSERT dbo.Video_Playlist(Video_ID, Playlist_ID) VALUES (14, 4)
INSERT dbo.Video_Playlist(Video_ID, Playlist_ID) VALUES (13, 1)
INSERT dbo.Video_Playlist(Video_ID, Playlist_ID) VALUES (14, 6)
INSERT dbo.Video_Playlist(Video_ID, Playlist_ID) VALUES (8, 6)
INSERT dbo.Video_Playlist(Video_ID, Playlist_ID) VALUES (13, 3)
INSERT dbo.Video_Playlist(Video_ID, Playlist_ID) VALUES (15, 7)
INSERT dbo.Video_Playlist(Video_ID, Playlist_ID) VALUES (17, 11)
INSERT dbo.Video_Playlist(Video_ID, Playlist_ID) VALUES (10, 10)
INSERT dbo.Video_Playlist(Video_ID, Playlist_ID) VALUES (16, 8)
INSERT dbo.Video_Playlist(Video_ID, Playlist_ID) VALUES (18, 12)
INSERT dbo.Video_Playlist(Video_ID, Playlist_ID) VALUES (17, 9)
INSERT dbo.Video_Playlist(Video_ID, Playlist_ID) VALUES (8, 1)
INSERT dbo.Video_Playlist(Video_ID, Playlist_ID) VALUES (9, 7)
INSERT dbo.Video_Playlist(Video_ID, Playlist_ID) VALUES (18, 10)
INSERT dbo.Video_Playlist(Video_ID, Playlist_ID) VALUES (11, 11)
INSERT dbo.Video_Playlist(Video_ID, Playlist_ID) VALUES (9, 2)
INSERT dbo.Video_Playlist(Video_ID, Playlist_ID) VALUES (10, 8)
INSERT dbo.Video_Playlist(Video_ID, Playlist_ID) VALUES (12, 12)
GO

--
-- Inserting data into table dbo.Videofile
--
INSERT dbo.Videofile(Video_ID, Videofile_length, Videofile_size, Videofile_resolution, Videofile_codec, Videofile_aspectratio, Videofile_features, Videofile_format) VALUES (48, '07:38:24', 276, N'640x480', N'MPEG-2', N'4:3', N'1080p', N'99412')
INSERT dbo.Videofile(Video_ID, Videofile_length, Videofile_size, Videofile_resolution, Videofile_codec, Videofile_aspectratio, Videofile_features, Videofile_format) VALUES (36, '00:00:04', 3, N'1920x1080', N'MPEG-3', N'16:9', N'1080p', N'67987')
INSERT dbo.Videofile(Video_ID, Videofile_length, Videofile_size, Videofile_resolution, Videofile_codec, Videofile_aspectratio, Videofile_features, Videofile_format) VALUES (91, '21:13:26', 765, N'1280x720', N'MPEG-4', N'4:3', N'1080p', N'16956')
INSERT dbo.Videofile(Video_ID, Videofile_length, Videofile_size, Videofile_resolution, Videofile_codec, Videofile_aspectratio, Videofile_features, Videofile_format) VALUES (49, '02:44:38', 988, N'1280x720', N'DivX', N'16:10', N'720p', N'38253')
INSERT dbo.Videofile(Video_ID, Videofile_length, Videofile_size, Videofile_resolution, Videofile_codec, Videofile_aspectratio, Videofile_features, Videofile_format) VALUES (15, '03:15:18', 1172, N'1920x1080', N'H.264', N'16:10', N'720p', N'94287')
INSERT dbo.Videofile(Video_ID, Videofile_length, Videofile_size, Videofile_resolution, Videofile_codec, Videofile_aspectratio, Videofile_features, Videofile_format) VALUES (79, '02:26:54', 882, N'1280x720', N'MPEG-4', N'16:9', N'480p', N'45810')
INSERT dbo.Videofile(Video_ID, Videofile_length, Videofile_size, Videofile_resolution, Videofile_codec, Videofile_aspectratio, Videofile_features, Videofile_format) VALUES (92, '08:46:22', 316, N'1920x1080', N'DV', N'4:3', N'3D', N'66774')
INSERT dbo.Videofile(Video_ID, Videofile_length, Videofile_size, Videofile_resolution, Videofile_codec, Videofile_aspectratio, Videofile_features, Videofile_format) VALUES (120, '00:12:50', 769, N'720x456', N'WMV', N'4:3', N'480p', N'17565')
INSERT dbo.Videofile(Video_ID, Videofile_length, Videofile_size, Videofile_resolution, Videofile_codec, Videofile_aspectratio, Videofile_features, Videofile_format) VALUES (103, '00:07:53', 472, N'3840x2160', N'DV', N'16:9', N'4K', N'33872')
INSERT dbo.Videofile(Video_ID, Videofile_length, Videofile_size, Videofile_resolution, Videofile_codec, Videofile_aspectratio, Videofile_features, Videofile_format) VALUES (113, '12:54:57', 465, N'1920x1080', N'True Motio', N'16:10', N'3D', N'08913')
INSERT dbo.Videofile(Video_ID, Videofile_length, Videofile_size, Videofile_resolution, Videofile_codec, Videofile_aspectratio, Videofile_features, Videofile_format) VALUES (80, '00:01:30', 89, N'1280x720', N'H.264', N'16:9', N'480p', N'06184')
INSERT dbo.Videofile(Video_ID, Videofile_length, Videofile_size, Videofile_resolution, Videofile_codec, Videofile_aspectratio, Videofile_features, Videofile_format) VALUES (37, '02:29:16', 896, N'1280x720', N'DivX', N'16:9', N'720p', N'46547')
INSERT dbo.Videofile(Video_ID, Videofile_length, Videofile_size, Videofile_resolution, Videofile_codec, Videofile_aspectratio, Videofile_features, Videofile_format) VALUES (104, '09:29:30', 342, N'640x480', N'WMV', N'16:9', N'1080p', N'09870')
INSERT dbo.Videofile(Video_ID, Videofile_length, Videofile_size, Videofile_resolution, Videofile_codec, Videofile_aspectratio, Videofile_features, Videofile_format) VALUES (93, '03:58:11', 1430, N'640x480', N'H.264', N'16:9', N'720p', N'59115')
INSERT dbo.Videofile(Video_ID, Videofile_length, Videofile_size, Videofile_resolution, Videofile_codec, Videofile_aspectratio, Videofile_features, Videofile_format) VALUES (50, '10:08:29', 366, N'1920x1080', N'WMV', N'16:9', N'480p', N'63590')
INSERT dbo.Videofile(Video_ID, Videofile_length, Videofile_size, Videofile_resolution, Videofile_codec, Videofile_aspectratio, Videofile_features, Videofile_format) VALUES (3, '03:26:31', 1240, N'720x456', N'WMV', N'4:3', N'720p', N'65466')
INSERT dbo.Videofile(Video_ID, Videofile_length, Videofile_size, Videofile_resolution, Videofile_codec, Videofile_aspectratio, Videofile_features, Videofile_format) VALUES (16, '03:38:51', 1314, N'720x456', N'DivX', N'4:3', N'3D', N'56770')
INSERT dbo.Videofile(Video_ID, Videofile_length, Videofile_size, Videofile_resolution, Videofile_codec, Videofile_aspectratio, Videofile_features, Videofile_format) VALUES (114, '09:08:08', 329, N'1280x720', N'DV', N'4:3', N'3D', N'94939')
INSERT dbo.Videofile(Video_ID, Videofile_length, Videofile_size, Videofile_resolution, Videofile_codec, Videofile_aspectratio, Videofile_features, Videofile_format) VALUES (68, '03:24:45', 1229, N'1920x1080', N'MPEG-2', N'16:10', N'1080p', N'41094')
INSERT dbo.Videofile(Video_ID, Videofile_length, Videofile_size, Videofile_resolution, Videofile_codec, Videofile_aspectratio, Videofile_features, Videofile_format) VALUES (4, '02:26:42', 881, N'640x480', N'Xvid', N'4:3', N'720p', N'44077')
INSERT dbo.Videofile(Video_ID, Videofile_length, Videofile_size, Videofile_resolution, Videofile_codec, Videofile_aspectratio, Videofile_features, Videofile_format) VALUES (56, '06:31:08', 2347, N'640x480', N'DivX', N'16:10', N'720p', N'17866')
INSERT dbo.Videofile(Video_ID, Videofile_length, Videofile_size, Videofile_resolution, Videofile_codec, Videofile_aspectratio, Videofile_features, Videofile_format) VALUES (105, '11:47:37', 425, N'1280x720', N'Xvid', N'16:9', N'3D', N'61177')
INSERT dbo.Videofile(Video_ID, Videofile_length, Videofile_size, Videofile_resolution, Videofile_codec, Videofile_aspectratio, Videofile_features, Videofile_format) VALUES (69, '09:59:19', 360, N'3840x2160', N'DV', N'16:10', N'4K', N'82971')
INSERT dbo.Videofile(Video_ID, Videofile_length, Videofile_size, Videofile_resolution, Videofile_codec, Videofile_aspectratio, Videofile_features, Videofile_format) VALUES (17, '16:22:14', 590, N'640x480', N'MPEG-2', N'4:3', N'4K', N'41071')
INSERT dbo.Videofile(Video_ID, Videofile_length, Videofile_size, Videofile_resolution, Videofile_codec, Videofile_aspectratio, Videofile_features, Videofile_format) VALUES (81, '00:10:46', 645, N'1280x720', N'MPEG-4', N'4:3', N'720p', N'09811')
INSERT dbo.Videofile(Video_ID, Videofile_length, Videofile_size, Videofile_resolution, Videofile_codec, Videofile_aspectratio, Videofile_features, Videofile_format) VALUES (38, '02:43:51', 984, N'640x480', N'DV', N'16:10', N'3D', N'53646')
INSERT dbo.Videofile(Video_ID, Videofile_length, Videofile_size, Videofile_resolution, Videofile_codec, Videofile_aspectratio, Videofile_features, Videofile_format) VALUES (57, '00:12:31', 750, N'720x456', N'MPEG-3', N'16:10', N'4K', N'15784')
INSERT dbo.Videofile(Video_ID, Videofile_length, Videofile_size, Videofile_resolution, Videofile_codec, Videofile_aspectratio, Videofile_features, Videofile_format) VALUES (70, '10:53:29', 393, N'640x480', N'MPEG-2', N'16:10', N'4K', N'88114')
INSERT dbo.Videofile(Video_ID, Videofile_length, Videofile_size, Videofile_resolution, Videofile_codec, Videofile_aspectratio, Videofile_features, Videofile_format) VALUES (115, '12:23:09', 446, N'720x456', N'MPEG-3', N'4:3', N'4K', N'82151')
INSERT dbo.Videofile(Video_ID, Videofile_length, Videofile_size, Videofile_resolution, Videofile_codec, Videofile_aspectratio, Videofile_features, Videofile_format) VALUES (58, '05:08:14', 1850, N'640x480', N'Xvid', N'16:10', N'4K', N'11270')
INSERT dbo.Videofile(Video_ID, Videofile_length, Videofile_size, Videofile_resolution, Videofile_codec, Videofile_aspectratio, Videofile_features, Videofile_format) VALUES (71, '06:19:50', 2279, N'640x480', N'DV', N'16:9', N'480p', N'23356')
INSERT dbo.Videofile(Video_ID, Videofile_length, Videofile_size, Videofile_resolution, Videofile_codec, Videofile_aspectratio, Videofile_features, Videofile_format) VALUES (94, '03:47:52', 1368, N'1920x1080', N'DivX', N'16:10', N'3D', N'28640')
INSERT dbo.Videofile(Video_ID, Videofile_length, Videofile_size, Videofile_resolution, Videofile_codec, Videofile_aspectratio, Videofile_features, Videofile_format) VALUES (5, '00:00:08', 7, N'3840x2160', N'MPEG-2', N'4:3', N'4K', N'34716')
INSERT dbo.Videofile(Video_ID, Videofile_length, Videofile_size, Videofile_resolution, Videofile_codec, Videofile_aspectratio, Videofile_features, Videofile_format) VALUES (59, '00:00:27', 26, N'720x456', N'MPEG-1', N'16:10', N'480p', N'34032')
INSERT dbo.Videofile(Video_ID, Videofile_length, Videofile_size, Videofile_resolution, Videofile_codec, Videofile_aspectratio, Videofile_features, Videofile_format) VALUES (18, '05:57:48', 2147, N'3840x2160', N'MPEG-3', N'16:9', N'1080p', N'50933')
INSERT dbo.Videofile(Video_ID, Videofile_length, Videofile_size, Videofile_resolution, Videofile_codec, Videofile_aspectratio, Videofile_features, Videofile_format) VALUES (106, '00:00:03', 2, N'720x456', N'DivX', N'16:10', N'1080p', N'77209')
INSERT dbo.Videofile(Video_ID, Videofile_length, Videofile_size, Videofile_resolution, Videofile_codec, Videofile_aspectratio, Videofile_features, Videofile_format) VALUES (26, '00:00:02', 1, N'720x456', N'True Motio', N'16:9', N'480p', N'30833')
INSERT dbo.Videofile(Video_ID, Videofile_length, Videofile_size, Videofile_resolution, Videofile_codec, Videofile_aspectratio, Videofile_features, Videofile_format) VALUES (39, '19:10:37', 691, N'720x456', N'WMV', N'16:10', N'1080p', N'81112')
INSERT dbo.Videofile(Video_ID, Videofile_length, Videofile_size, Videofile_resolution, Videofile_codec, Videofile_aspectratio, Videofile_features, Videofile_format) VALUES (82, '07:46:29', 280, N'720x456', N'DivX', N'4:3', N'4K', N'91600')
INSERT dbo.Videofile(Video_ID, Videofile_length, Videofile_size, Videofile_resolution, Videofile_codec, Videofile_aspectratio, Videofile_features, Videofile_format) VALUES (27, '00:00:07', 6, N'1920x1080', N'Xvid', N'4:3', N'480p', N'35997')
INSERT dbo.Videofile(Video_ID, Videofile_length, Videofile_size, Videofile_resolution, Videofile_codec, Videofile_aspectratio, Videofile_features, Videofile_format) VALUES (40, '12:34:10', 453, N'720x456', N'H.264', N'16:9', N'1080p', N'70944')
INSERT dbo.Videofile(Video_ID, Videofile_length, Videofile_size, Videofile_resolution, Videofile_codec, Videofile_aspectratio, Videofile_features, Videofile_format) VALUES (95, '08:48:03', 317, N'1280x720', N'True Motio', N'16:10', N'3D', N'14029')
INSERT dbo.Videofile(Video_ID, Videofile_length, Videofile_size, Videofile_resolution, Videofile_codec, Videofile_aspectratio, Videofile_features, Videofile_format) VALUES (28, '07:17:33', 263, N'720x456', N'Xvid', N'4:3', N'480p', N'46647')
INSERT dbo.Videofile(Video_ID, Videofile_length, Videofile_size, Videofile_resolution, Videofile_codec, Videofile_aspectratio, Videofile_features, Videofile_format) VALUES (41, '13:52:37', 500, N'3840x2160', N'H.264', N'4:3', N'4K', N'25378')
INSERT dbo.Videofile(Video_ID, Videofile_length, Videofile_size, Videofile_resolution, Videofile_codec, Videofile_aspectratio, Videofile_features, Videofile_format) VALUES (29, '07:17:53', 263, N'720x456', N'Xvid', N'16:10', N'1080p', N'23912')
INSERT dbo.Videofile(Video_ID, Videofile_length, Videofile_size, Videofile_resolution, Videofile_codec, Videofile_aspectratio, Videofile_features, Videofile_format) VALUES (42, '01:09:00', 414, N'1280x720', N'DivX', N'16:10', N'720p', N'43829')
INSERT dbo.Videofile(Video_ID, Videofile_length, Videofile_size, Videofile_resolution, Videofile_codec, Videofile_aspectratio, Videofile_features, Videofile_format) VALUES (6, '02:39:45', 959, N'640x480', N'MPEG-4', N'16:9', N'1080p', N'27322')
INSERT dbo.Videofile(Video_ID, Videofile_length, Videofile_size, Videofile_resolution, Videofile_codec, Videofile_aspectratio, Videofile_features, Videofile_format) VALUES (19, '16:05:01', 580, N'1920x1080', N'True Motio', N'16:9', N'3D', N'20482')
INSERT dbo.Videofile(Video_ID, Videofile_length, Videofile_size, Videofile_resolution, Videofile_codec, Videofile_aspectratio, Videofile_features, Videofile_format) VALUES (83, '09:07:27', 329, N'1280x720', N'Xvid', N'16:9', N'3D', N'41927')
INSERT dbo.Videofile(Video_ID, Videofile_length, Videofile_size, Videofile_resolution, Videofile_codec, Videofile_aspectratio, Videofile_features, Videofile_format) VALUES (96, '04:57:30', 1785, N'1920x1080', N'True Motio', N'16:9', N'480p', N'34138')
INSERT dbo.Videofile(Video_ID, Videofile_length, Videofile_size, Videofile_resolution, Videofile_codec, Videofile_aspectratio, Videofile_features, Videofile_format) VALUES (30, '07:47:31', 281, N'3840x2160', N'WMV', N'16:9', N'4K', N'71215')
INSERT dbo.Videofile(Video_ID, Videofile_length, Videofile_size, Videofile_resolution, Videofile_codec, Videofile_aspectratio, Videofile_features, Videofile_format) VALUES (116, '03:14:00', 1164, N'1920x1080', N'MPEG-1', N'4:3', N'1080p', N'31810')
INSERT dbo.Videofile(Video_ID, Videofile_length, Videofile_size, Videofile_resolution, Videofile_codec, Videofile_aspectratio, Videofile_features, Videofile_format) VALUES (72, '08:28:57', 306, N'3840x2160', N'DivX', N'16:10', N'720p', N'75827')
INSERT dbo.Videofile(Video_ID, Videofile_length, Videofile_size, Videofile_resolution, Videofile_codec, Videofile_aspectratio, Videofile_features, Videofile_format) VALUES (43, '11:22:13', 410, N'720x456', N'DV', N'16:9', N'4K', N'63424')
INSERT dbo.Videofile(Video_ID, Videofile_length, Videofile_size, Videofile_resolution, Videofile_codec, Videofile_aspectratio, Videofile_features, Videofile_format) VALUES (84, '09:31:35', 343, N'3840x2160', N'DivX', N'16:9', N'720p', N'11454')
INSERT dbo.Videofile(Video_ID, Videofile_length, Videofile_size, Videofile_resolution, Videofile_codec, Videofile_aspectratio, Videofile_features, Videofile_format) VALUES (31, '10:23:54', 375, N'1280x720', N'MPEG-3', N'16:9', N'4K', N'14639')
INSERT dbo.Videofile(Video_ID, Videofile_length, Videofile_size, Videofile_resolution, Videofile_codec, Videofile_aspectratio, Videofile_features, Videofile_format) VALUES (7, '10:59:34', 396, N'640x480', N'H.264', N'16:10', N'1080p', N'92532')
INSERT dbo.Videofile(Video_ID, Videofile_length, Videofile_size, Videofile_resolution, Videofile_codec, Videofile_aspectratio, Videofile_features, Videofile_format) VALUES (44, '08:49:50', 318, N'720x456', N'H.264', N'4:3', N'1080p', N'05168')
INSERT dbo.Videofile(Video_ID, Videofile_length, Videofile_size, Videofile_resolution, Videofile_codec, Videofile_aspectratio, Videofile_features, Videofile_format) VALUES (60, '10:55:15', 394, N'720x456', N'DivX', N'16:10', N'1080p', N'12284')
INSERT dbo.Videofile(Video_ID, Videofile_length, Videofile_size, Videofile_resolution, Videofile_codec, Videofile_aspectratio, Videofile_features, Videofile_format) VALUES (20, '13:15:55', 478, N'720x456', N'True Motio', N'4:3', N'4K', N'82650')
INSERT dbo.Videofile(Video_ID, Videofile_length, Videofile_size, Videofile_resolution, Videofile_codec, Videofile_aspectratio, Videofile_features, Videofile_format) VALUES (107, '00:01:01', 60, N'720x456', N'DivX', N'16:9', N'3D', N'90996')
INSERT dbo.Videofile(Video_ID, Videofile_length, Videofile_size, Videofile_resolution, Videofile_codec, Videofile_aspectratio, Videofile_features, Videofile_format) VALUES (73, '00:00:06', 5, N'720x456', N'MPEG-1', N'4:3', N'720p', N'57674')
INSERT dbo.Videofile(Video_ID, Videofile_length, Videofile_size, Videofile_resolution, Videofile_codec, Videofile_aspectratio, Videofile_features, Videofile_format) VALUES (117, '09:49:20', 354, N'3840x2160', N'DivX', N'16:9', N'1080p', N'94420')
INSERT dbo.Videofile(Video_ID, Videofile_length, Videofile_size, Videofile_resolution, Videofile_codec, Videofile_aspectratio, Videofile_features, Videofile_format) VALUES (32, '00:38:09', 2288, N'640x480', N'H.264', N'16:9', N'480p', N'59406')
INSERT dbo.Videofile(Video_ID, Videofile_length, Videofile_size, Videofile_resolution, Videofile_codec, Videofile_aspectratio, Videofile_features, Videofile_format) VALUES (8, '08:20:38', 301, N'3840x2160', N'MPEG-2', N'16:9', N'720p', N'01732')
INSERT dbo.Videofile(Video_ID, Videofile_length, Videofile_size, Videofile_resolution, Videofile_codec, Videofile_aspectratio, Videofile_features, Videofile_format) VALUES (21, '04:39:28', 1677, N'3840x2160', N'DivX', N'16:9', N'480p', N'89615')
INSERT dbo.Videofile(Video_ID, Videofile_length, Videofile_size, Videofile_resolution, Videofile_codec, Videofile_aspectratio, Videofile_features, Videofile_format) VALUES (9, '02:15:39', 814, N'720x456', N'Xvid', N'4:3', N'480p', N'87139')
INSERT dbo.Videofile(Video_ID, Videofile_length, Videofile_size, Videofile_resolution, Videofile_codec, Videofile_aspectratio, Videofile_features, Videofile_format) VALUES (61, '00:00:06', 5, N'1920x1080', N'DivX', N'4:3', N'3D', N'92676')
INSERT dbo.Videofile(Video_ID, Videofile_length, Videofile_size, Videofile_resolution, Videofile_codec, Videofile_aspectratio, Videofile_features, Videofile_format) VALUES (74, '01:44:00', 624, N'720x456', N'True Motio', N'16:10', N'480p', N'29429')
INSERT dbo.Videofile(Video_ID, Videofile_length, Videofile_size, Videofile_resolution, Videofile_codec, Videofile_aspectratio, Videofile_features, Videofile_format) VALUES (62, '07:14:26', 261, N'3840x2160', N'WMV', N'16:9', N'720p', N'68078')
INSERT dbo.Videofile(Video_ID, Videofile_length, Videofile_size, Videofile_resolution, Videofile_codec, Videofile_aspectratio, Videofile_features, Videofile_format) VALUES (108, '18:26:10', 664, N'640x480', N'Xvid', N'16:9', N'720p', N'88589')
INSERT dbo.Videofile(Video_ID, Videofile_length, Videofile_size, Videofile_resolution, Videofile_codec, Videofile_aspectratio, Videofile_features, Videofile_format) VALUES (118, '07:52:15', 284, N'720x456', N'MPEG-4', N'16:9', N'3D', N'82667')
INSERT dbo.Videofile(Video_ID, Videofile_length, Videofile_size, Videofile_resolution, Videofile_codec, Videofile_aspectratio, Videofile_features, Videofile_format) VALUES (45, '20:50:45', 751, N'640x480', N'WMV', N'16:9', N'720p', N'61516')
INSERT dbo.Videofile(Video_ID, Videofile_length, Videofile_size, Videofile_resolution, Videofile_codec, Videofile_aspectratio, Videofile_features, Videofile_format) VALUES (22, '01:08:18', 410, N'1280x720', N'H.264', N'4:3', N'4K', N'13121')
INSERT dbo.Videofile(Video_ID, Videofile_length, Videofile_size, Videofile_resolution, Videofile_codec, Videofile_aspectratio, Videofile_features, Videofile_format) VALUES (97, '11:39:30', 420, N'720x456', N'MPEG-1', N'16:9', N'1080p', N'23634')
INSERT dbo.Videofile(Video_ID, Videofile_length, Videofile_size, Videofile_resolution, Videofile_codec, Videofile_aspectratio, Videofile_features, Videofile_format) VALUES (109, '00:00:02', 1, N'1920x1080', N'MPEG-4', N'16:10', N'480p', N'16546')
INSERT dbo.Videofile(Video_ID, Videofile_length, Videofile_size, Videofile_resolution, Videofile_codec, Videofile_aspectratio, Videofile_features, Videofile_format) VALUES (85, '02:41:28', 969, N'640x480', N'H.264', N'4:3', N'720p', N'09826')
INSERT dbo.Videofile(Video_ID, Videofile_length, Videofile_size, Videofile_resolution, Videofile_codec, Videofile_aspectratio, Videofile_features, Videofile_format) VALUES (33, '15:49:09', 570, N'720x456', N'MPEG-3', N'16:10', N'4K', N'91331')
INSERT dbo.Videofile(Video_ID, Videofile_length, Videofile_size, Videofile_resolution, Videofile_codec, Videofile_aspectratio, Videofile_features, Videofile_format) VALUES (119, '23:26:05', 844, N'1920x1080', N'MPEG-1', N'4:3', N'4K', N'66990')
INSERT dbo.Videofile(Video_ID, Videofile_length, Videofile_size, Videofile_resolution, Videofile_codec, Videofile_aspectratio, Videofile_features, Videofile_format) VALUES (46, '09:31:52', 344, N'1920x1080', N'H.264', N'16:10', N'4K', N'14267')
INSERT dbo.Videofile(Video_ID, Videofile_length, Videofile_size, Videofile_resolution, Videofile_codec, Videofile_aspectratio, Videofile_features, Videofile_format) VALUES (34, '03:59:12', 1436, N'640x480', N'MPEG-3', N'16:9', N'720p', N'37765')
INSERT dbo.Videofile(Video_ID, Videofile_length, Videofile_size, Videofile_resolution, Videofile_codec, Videofile_aspectratio, Videofile_features, Videofile_format) VALUES (75, '22:37:01', 815, N'720x456', N'DivX', N'4:3', N'480p', N'41248')
INSERT dbo.Videofile(Video_ID, Videofile_length, Videofile_size, Videofile_resolution, Videofile_codec, Videofile_aspectratio, Videofile_features, Videofile_format) VALUES (98, '22:19:58', 804, N'1920x1080', N'Xvid', N'16:9', N'3D', N'17107')
INSERT dbo.Videofile(Video_ID, Videofile_length, Videofile_size, Videofile_resolution, Videofile_codec, Videofile_aspectratio, Videofile_features, Videofile_format) VALUES (10, '00:00:10', 9, N'640x480', N'MPEG-1', N'16:10', N'3D', N'72356')
INSERT dbo.Videofile(Video_ID, Videofile_length, Videofile_size, Videofile_resolution, Videofile_codec, Videofile_aspectratio, Videofile_features, Videofile_format) VALUES (47, '17:41:33', 637, N'1280x720', N'MPEG-3', N'16:10', N'1080p', N'90814')
INSERT dbo.Videofile(Video_ID, Videofile_length, Videofile_size, Videofile_resolution, Videofile_codec, Videofile_aspectratio, Videofile_features, Videofile_format) VALUES (86, '17:11:10', 619, N'720x456', N'DV', N'4:3', N'3D', N'64732')
INSERT dbo.Videofile(Video_ID, Videofile_length, Videofile_size, Videofile_resolution, Videofile_codec, Videofile_aspectratio, Videofile_features, Videofile_format) VALUES (35, '16:02:02', 578, N'720x456', N'WMV', N'4:3', N'720p', N'73963')
INSERT dbo.Videofile(Video_ID, Videofile_length, Videofile_size, Videofile_resolution, Videofile_codec, Videofile_aspectratio, Videofile_features, Videofile_format) VALUES (110, '00:11:58', 717, N'640x480', N'DivX', N'4:3', N'720p', N'31261')
INSERT dbo.Videofile(Video_ID, Videofile_length, Videofile_size, Videofile_resolution, Videofile_codec, Videofile_aspectratio, Videofile_features, Videofile_format) VALUES (101, '17:59:11', 648, N'640x480', N'WMV', N'4:3', N'1080p', N'79859')
INSERT dbo.Videofile(Video_ID, Videofile_length, Videofile_size, Videofile_resolution, Videofile_codec, Videofile_aspectratio, Videofile_features, Videofile_format) VALUES (111, '02:19:28', 837, N'720x456', N'DV', N'16:10', N'720p', N'94923')
INSERT dbo.Videofile(Video_ID, Videofile_length, Videofile_size, Videofile_resolution, Videofile_codec, Videofile_aspectratio, Videofile_features, Videofile_format) VALUES (102, '11:36:52', 419, N'1280x720', N'MPEG-3', N'4:3', N'4K', N'81797')
INSERT dbo.Videofile(Video_ID, Videofile_length, Videofile_size, Videofile_resolution, Videofile_codec, Videofile_aspectratio, Videofile_features, Videofile_format) VALUES (112, '12:46:20', 460, N'3840x2160', N'True Motio', N'4:3', N'3D', N'38619')
INSERT dbo.Videofile(Video_ID, Videofile_length, Videofile_size, Videofile_resolution, Videofile_codec, Videofile_aspectratio, Videofile_features, Videofile_format) VALUES (99, '02:41:06', 967, N'640x480', N'DivX', N'4:3', N'3D', N'04811')
INSERT dbo.Videofile(Video_ID, Videofile_length, Videofile_size, Videofile_resolution, Videofile_codec, Videofile_aspectratio, Videofile_features, Videofile_format) VALUES (63, '11:54:26', 429, N'3840x2160', N'H.264', N'4:3', N'4K', N'78573')
INSERT dbo.Videofile(Video_ID, Videofile_length, Videofile_size, Videofile_resolution, Videofile_codec, Videofile_aspectratio, Videofile_features, Videofile_format) VALUES (87, '03:53:05', 1399, N'3840x2160', N'MPEG-3', N'16:9', N'1080p', N'50638')
INSERT dbo.Videofile(Video_ID, Videofile_length, Videofile_size, Videofile_resolution, Videofile_codec, Videofile_aspectratio, Videofile_features, Videofile_format) VALUES (100, '10:28:43', 378, N'3840x2160', N'MPEG-2', N'4:3', N'3D', N'91314')
INSERT dbo.Videofile(Video_ID, Videofile_length, Videofile_size, Videofile_resolution, Videofile_codec, Videofile_aspectratio, Videofile_features, Videofile_format) VALUES (23, '07:07:53', 257, N'3840x2160', N'MPEG-3', N'16:9', N'1080p', N'14404')
INSERT dbo.Videofile(Video_ID, Videofile_length, Videofile_size, Videofile_resolution, Videofile_codec, Videofile_aspectratio, Videofile_features, Videofile_format) VALUES (11, '11:07:51', 401, N'720x456', N'MPEG-4', N'4:3', N'3D', N'55989')
INSERT dbo.Videofile(Video_ID, Videofile_length, Videofile_size, Videofile_resolution, Videofile_codec, Videofile_aspectratio, Videofile_features, Videofile_format) VALUES (24, '08:49:39', 318, N'640x480', N'MPEG-4', N'16:9', N'3D', N'45061')
INSERT dbo.Videofile(Video_ID, Videofile_length, Videofile_size, Videofile_resolution, Videofile_codec, Videofile_aspectratio, Videofile_features, Videofile_format) VALUES (88, '00:03:20', 199, N'720x456', N'H.264', N'16:10', N'480p', N'31731')
INSERT dbo.Videofile(Video_ID, Videofile_length, Videofile_size, Videofile_resolution, Videofile_codec, Videofile_aspectratio, Videofile_features, Videofile_format) VALUES (51, '05:26:44', 1961, N'1280x720', N'True Motio', N'4:3', N'720p', N'19297')
INSERT dbo.Videofile(Video_ID, Videofile_length, Videofile_size, Videofile_resolution, Videofile_codec, Videofile_aspectratio, Videofile_features, Videofile_format) VALUES (12, '23:29:22', 846, N'1280x720', N'MPEG-1', N'16:10', N'480p', N'84407')
INSERT dbo.Videofile(Video_ID, Videofile_length, Videofile_size, Videofile_resolution, Videofile_codec, Videofile_aspectratio, Videofile_features, Videofile_format) VALUES (76, '02:34:41', 929, N'1280x720', N'MPEG-4', N'4:3', N'4K', N'25468')
INSERT dbo.Videofile(Video_ID, Videofile_length, Videofile_size, Videofile_resolution, Videofile_codec, Videofile_aspectratio, Videofile_features, Videofile_format) VALUES (64, '11:39:27', 420, N'1280x720', N'DivX', N'16:10', N'3D', N'50875')
INSERT dbo.Videofile(Video_ID, Videofile_length, Videofile_size, Videofile_resolution, Videofile_codec, Videofile_aspectratio, Videofile_features, Videofile_format) VALUES (52, '00:01:23', 82, N'640x480', N'DivX', N'16:9', N'4K', N'18679')
INSERT dbo.Videofile(Video_ID, Videofile_length, Videofile_size, Videofile_resolution, Videofile_codec, Videofile_aspectratio, Videofile_features, Videofile_format) VALUES (25, '09:00:29', 325, N'1280x720', N'True Motio', N'16:9', N'720p', N'00025')
INSERT dbo.Videofile(Video_ID, Videofile_length, Videofile_size, Videofile_resolution, Videofile_codec, Videofile_aspectratio, Videofile_features, Videofile_format) VALUES (65, '05:01:46', 1811, N'1920x1080', N'MPEG-2', N'16:9', N'4K', N'83993')
INSERT dbo.Videofile(Video_ID, Videofile_length, Videofile_size, Videofile_resolution, Videofile_codec, Videofile_aspectratio, Videofile_features, Videofile_format) VALUES (89, '11:05:45', 400, N'720x456', N'H.264', N'16:9', N'720p', N'22525')
INSERT dbo.Videofile(Video_ID, Videofile_length, Videofile_size, Videofile_resolution, Videofile_codec, Videofile_aspectratio, Videofile_features, Videofile_format) VALUES (53, '00:01:03', 62, N'1920x1080', N'Xvid', N'16:10', N'3D', N'11907')
INSERT dbo.Videofile(Video_ID, Videofile_length, Videofile_size, Videofile_resolution, Videofile_codec, Videofile_aspectratio, Videofile_features, Videofile_format) VALUES (77, '12:35:45', 454, N'3840x2160', N'MPEG-2', N'16:10', N'1080p', N'80385')
INSERT dbo.Videofile(Video_ID, Videofile_length, Videofile_size, Videofile_resolution, Videofile_codec, Videofile_aspectratio, Videofile_features, Videofile_format) VALUES (66, '00:05:30', 329, N'720x456', N'MPEG-3', N'16:10', N'480p', N'32980')
INSERT dbo.Videofile(Video_ID, Videofile_length, Videofile_size, Videofile_resolution, Videofile_codec, Videofile_aspectratio, Videofile_features, Videofile_format) VALUES (13, '04:50:05', 1741, N'640x480', N'MPEG-1', N'16:10', N'3D', N'32597')
INSERT dbo.Videofile(Video_ID, Videofile_length, Videofile_size, Videofile_resolution, Videofile_codec, Videofile_aspectratio, Videofile_features, Videofile_format) VALUES (90, '08:22:53', 302, N'3840x2160', N'MPEG-3', N'16:9', N'3D', N'74249')
INSERT dbo.Videofile(Video_ID, Videofile_length, Videofile_size, Videofile_resolution, Videofile_codec, Videofile_aspectratio, Videofile_features, Videofile_format) VALUES (54, '07:41:13', 277, N'1280x720', N'H.264', N'16:9', N'480p', N'86536')
INSERT dbo.Videofile(Video_ID, Videofile_length, Videofile_size, Videofile_resolution, Videofile_codec, Videofile_aspectratio, Videofile_features, Videofile_format) VALUES (78, '10:56:07', 394, N'1920x1080', N'H.264', N'16:10', N'1080p', N'34613')
INSERT dbo.Videofile(Video_ID, Videofile_length, Videofile_size, Videofile_resolution, Videofile_codec, Videofile_aspectratio, Videofile_features, Videofile_format) VALUES (67, '06:51:42', 2471, N'1280x720', N'True Motio', N'4:3', N'4K', N'08590')
INSERT dbo.Videofile(Video_ID, Videofile_length, Videofile_size, Videofile_resolution, Videofile_codec, Videofile_aspectratio, Videofile_features, Videofile_format) VALUES (1, '00:14:29', 868, N'1920x1080', N'True Motio', N'16:9', N'4K', N'96162')
INSERT dbo.Videofile(Video_ID, Videofile_length, Videofile_size, Videofile_resolution, Videofile_codec, Videofile_aspectratio, Videofile_features, Videofile_format) VALUES (55, '12:56:52', 467, N'1280x720', N'MPEG-2', N'16:9', N'3D', N'63099')
INSERT dbo.Videofile(Video_ID, Videofile_length, Videofile_size, Videofile_resolution, Videofile_codec, Videofile_aspectratio, Videofile_features, Videofile_format) VALUES (14, '09:28:07', 341, N'640x480', N'MPEG-4', N'16:9', N'3D', N'96547')
INSERT dbo.Videofile(Video_ID, Videofile_length, Videofile_size, Videofile_resolution, Videofile_codec, Videofile_aspectratio, Videofile_features, Videofile_format) VALUES (2, '11:28:27', 414, N'3840x2160', N'MPEG-3', N'16:9', N'720p', N'78419')
GO

--
-- Inserting data into table dbo.[View]
--
INSERT dbo.[View](View_ID, View_date, Video_ID, User_ID) VALUES (1, '2009-01-01 00:00:29.000', 7, 196)
INSERT dbo.[View](View_ID, View_date, Video_ID, User_ID) VALUES (2, '2010-03-14 12:17:48.000', 88, 17)
INSERT dbo.[View](View_ID, View_date, Video_ID, User_ID) VALUES (3, '2009-01-01 02:34:44.000', 120, 127)
INSERT dbo.[View](View_ID, View_date, Video_ID, User_ID) VALUES (4, '2015-06-21 17:29:32.000', 37, 200)
INSERT dbo.[View](View_ID, View_date, Video_ID, User_ID) VALUES (5, '2009-01-02 08:37:40.000', 37, 80)
INSERT dbo.[View](View_ID, View_date, Video_ID, User_ID) VALUES (6, '2009-12-14 13:05:15.000', 73, 38)
INSERT dbo.[View](View_ID, View_date, Video_ID, User_ID) VALUES (7, '2013-06-22 00:01:20.000', 73, 18)
INSERT dbo.[View](View_ID, View_date, Video_ID, User_ID) VALUES (8, '2010-02-08 21:53:49.000', 105, 179)
INSERT dbo.[View](View_ID, View_date, Video_ID, User_ID) VALUES (9, '2009-12-03 16:11:11.000', 7, 39)
INSERT dbo.[View](View_ID, View_date, Video_ID, User_ID) VALUES (10, '2011-04-12 23:26:14.000', 7, 19)
INSERT dbo.[View](View_ID, View_date, Video_ID, User_ID) VALUES (11, '2013-06-18 02:45:03.000', 7, 200)
INSERT dbo.[View](View_ID, View_date, Video_ID, User_ID) VALUES (12, '2010-06-19 04:56:51.000', 105, 148)
INSERT dbo.[View](View_ID, View_date, Video_ID, User_ID) VALUES (13, '2011-03-08 19:54:48.000', 120, 200)
INSERT dbo.[View](View_ID, View_date, Video_ID, User_ID) VALUES (14, '2009-01-01 00:01:38.000', 120, 40)
INSERT dbo.[View](View_ID, View_date, Video_ID, User_ID) VALUES (15, '2012-10-27 02:51:39.000', 20, 20)
INSERT dbo.[View](View_ID, View_date, Video_ID, User_ID) VALUES (16, '2010-06-07 19:29:07.000', 50, 114)
INSERT dbo.[View](View_ID, View_date, Video_ID, User_ID) VALUES (17, '2016-05-24 15:31:15.000', 105, 94)
INSERT dbo.[View](View_ID, View_date, Video_ID, User_ID) VALUES (18, '2010-01-10 15:46:22.000', 7, 60)
INSERT dbo.[View](View_ID, View_date, Video_ID, User_ID) VALUES (19, '2011-10-19 00:29:20.000', 20, 197)
INSERT dbo.[View](View_ID, View_date, Video_ID, User_ID) VALUES (20, '2012-06-14 17:44:41.000', 88, 128)
INSERT dbo.[View](View_ID, View_date, Video_ID, User_ID) VALUES (21, '2009-01-01 05:26:47.000', 120, 81)
INSERT dbo.[View](View_ID, View_date, Video_ID, User_ID) VALUES (22, '2009-11-10 01:27:41.000', 115, 41)
INSERT dbo.[View](View_ID, View_date, Video_ID, User_ID) VALUES (23, '2009-01-01 01:12:35.000', 73, 21)
INSERT dbo.[View](View_ID, View_date, Video_ID, User_ID) VALUES (24, '2013-07-23 04:23:40.000', 73, 61)
INSERT dbo.[View](View_ID, View_date, Video_ID, User_ID) VALUES (25, '2012-12-06 14:38:07.000', 50, 82)
INSERT dbo.[View](View_ID, View_date, Video_ID, User_ID) VALUES (26, '2010-12-30 06:13:46.000', 7, 149)
INSERT dbo.[View](View_ID, View_date, Video_ID, User_ID) VALUES (27, '2009-01-02 03:14:44.000', 8, 1)
INSERT dbo.[View](View_ID, View_date, Video_ID, User_ID) VALUES (28, '2012-02-01 02:56:18.000', 105, 114)
INSERT dbo.[View](View_ID, View_date, Video_ID, User_ID) VALUES (29, '2010-04-18 10:56:17.000', 38, 22)
INSERT dbo.[View](View_ID, View_date, Video_ID, User_ID) VALUES (30, '2010-05-09 03:04:56.000', 105, 114)
INSERT dbo.[View](View_ID, View_date, Video_ID, User_ID) VALUES (31, '2010-11-02 10:03:09.000', 61, 2)
INSERT dbo.[View](View_ID, View_date, Video_ID, User_ID) VALUES (32, '2009-12-28 12:08:04.000', 74, 180)
INSERT dbo.[View](View_ID, View_date, Video_ID, User_ID) VALUES (33, '2010-09-11 16:31:39.000', 115, 94)
INSERT dbo.[View](View_ID, View_date, Video_ID, User_ID) VALUES (34, '2009-01-01 19:07:34.000', 106, 129)
INSERT dbo.[View](View_ID, View_date, Video_ID, User_ID) VALUES (35, '2009-01-01 00:00:48.000', 7, 94)
INSERT dbo.[View](View_ID, View_date, Video_ID, User_ID) VALUES (36, '2011-05-30 08:09:30.000', 38, 62)
INSERT dbo.[View](View_ID, View_date, Video_ID, User_ID) VALUES (37, '2009-01-01 02:05:49.000', 61, 42)
INSERT dbo.[View](View_ID, View_date, Video_ID, User_ID) VALUES (38, '2009-01-01 00:00:14.000', 26, 150)
INSERT dbo.[View](View_ID, View_date, Video_ID, User_ID) VALUES (39, '2012-11-20 03:00:43.000', 74, 130)
INSERT dbo.[View](View_ID, View_date, Video_ID, User_ID) VALUES (40, '2010-01-15 05:02:42.000', 105, 115)
INSERT dbo.[View](View_ID, View_date, Video_ID, User_ID) VALUES (41, '2010-02-24 11:18:39.000', 88, 63)
INSERT dbo.[View](View_ID, View_date, Video_ID, User_ID) VALUES (42, '2015-02-11 09:50:37.000', 105, 198)
INSERT dbo.[View](View_ID, View_date, Video_ID, User_ID) VALUES (43, '2009-11-07 04:47:55.000', 88, 115)
INSERT dbo.[View](View_ID, View_date, Video_ID, User_ID) VALUES (44, '2010-11-15 11:49:16.000', 7, 181)
INSERT dbo.[View](View_ID, View_date, Video_ID, User_ID) VALUES (45, '2009-01-01 00:00:03.000', 39, 23)
INSERT dbo.[View](View_ID, View_date, Video_ID, User_ID) VALUES (46, '2010-10-13 23:18:36.000', 26, 115)
INSERT dbo.[View](View_ID, View_date, Video_ID, User_ID) VALUES (47, '2009-01-12 05:29:55.000', 21, 43)
INSERT dbo.[View](View_ID, View_date, Video_ID, User_ID) VALUES (48, '2009-01-01 00:00:09.000', 20, 64)
INSERT dbo.[View](View_ID, View_date, Video_ID, User_ID) VALUES (49, '2009-01-01 00:15:16.000', 115, 3)
INSERT dbo.[View](View_ID, View_date, Video_ID, User_ID) VALUES (50, '2017-03-20 08:52:53.000', 7, 151)
INSERT dbo.[View](View_ID, View_date, Video_ID, User_ID) VALUES (51, '2010-09-21 05:08:20.000', 20, 199)
INSERT dbo.[View](View_ID, View_date, Video_ID, User_ID) VALUES (52, '2010-02-24 12:29:25.000', 88, 44)
INSERT dbo.[View](View_ID, View_date, Video_ID, User_ID) VALUES (53, '2010-11-20 17:53:50.000', 115, 65)
INSERT dbo.[View](View_ID, View_date, Video_ID, User_ID) VALUES (54, '2009-01-01 00:00:03.000', 39, 45)
INSERT dbo.[View](View_ID, View_date, Video_ID, User_ID) VALUES (55, '2011-05-29 20:33:48.000', 88, 131)
INSERT dbo.[View](View_ID, View_date, Video_ID, User_ID) VALUES (56, '2009-01-01 00:15:10.000', 88, 24)
INSERT dbo.[View](View_ID, View_date, Video_ID, User_ID) VALUES (57, '2009-01-01 00:17:08.000', 88, 4)
INSERT dbo.[View](View_ID, View_date, Video_ID, User_ID) VALUES (58, '2010-08-23 03:24:52.000', 62, 66)
INSERT dbo.[View](View_ID, View_date, Video_ID, User_ID) VALUES (59, '2010-03-11 02:15:22.000', 27, 182)
INSERT dbo.[View](View_ID, View_date, Video_ID, User_ID) VALUES (60, '2010-03-03 01:41:13.000', 27, 95)
INSERT dbo.[View](View_ID, View_date, Video_ID, User_ID) VALUES (61, '2013-05-22 19:47:41.000', 20, 25)
INSERT dbo.[View](View_ID, View_date, Video_ID, User_ID) VALUES (62, '2016-03-01 06:36:35.000', 8, 5)
INSERT dbo.[View](View_ID, View_date, Video_ID, User_ID) VALUES (63, '2010-02-15 03:28:38.000', 75, 165)
INSERT dbo.[View](View_ID, View_date, Video_ID, User_ID) VALUES (64, '2009-01-01 00:02:35.000', 105, 183)
INSERT dbo.[View](View_ID, View_date, Video_ID, User_ID) VALUES (65, '2010-05-03 12:26:37.000', 115, 152)
INSERT dbo.[View](View_ID, View_date, Video_ID, User_ID) VALUES (66, '2010-10-20 18:19:45.000', 105, 132)
INSERT dbo.[View](View_ID, View_date, Video_ID, User_ID) VALUES (67, '2009-01-11 06:37:48.000', 106, 26)
INSERT dbo.[View](View_ID, View_date, Video_ID, User_ID) VALUES (68, '2010-04-21 16:48:23.000', 8, 46)
INSERT dbo.[View](View_ID, View_date, Video_ID, User_ID) VALUES (69, '2011-07-24 22:18:13.000', 63, 95)
INSERT dbo.[View](View_ID, View_date, Video_ID, User_ID) VALUES (70, '2009-01-01 01:25:17.000', 115, 116)
INSERT dbo.[View](View_ID, View_date, Video_ID, User_ID) VALUES (71, '2010-11-20 12:11:01.000', 62, 96)
INSERT dbo.[View](View_ID, View_date, Video_ID, User_ID) VALUES (72, '2009-01-07 08:11:06.000', 61, 153)
INSERT dbo.[View](View_ID, View_date, Video_ID, User_ID) VALUES (73, '2013-03-16 16:23:57.000', 40, 166)
INSERT dbo.[View](View_ID, View_date, Video_ID, User_ID) VALUES (74, '2009-01-01 00:00:10.000', 61, 116)
INSERT dbo.[View](View_ID, View_date, Video_ID, User_ID) VALUES (75, '2009-01-01 15:53:05.000', 28, 67)
INSERT dbo.[View](View_ID, View_date, Video_ID, User_ID) VALUES (76, '2009-01-01 00:14:36.000', 7, 96)
INSERT dbo.[View](View_ID, View_date, Video_ID, User_ID) VALUES (77, '2010-11-27 14:24:46.000', 9, 133)
INSERT dbo.[View](View_ID, View_date, Video_ID, User_ID) VALUES (78, '2012-09-17 21:19:54.000', 74, 6)
INSERT dbo.[View](View_ID, View_date, Video_ID, User_ID) VALUES (79, '2010-07-23 12:30:12.000', 20, 154)
INSERT dbo.[View](View_ID, View_date, Video_ID, User_ID) VALUES (80, '2017-01-13 08:13:08.000', 41, 27)
INSERT dbo.[View](View_ID, View_date, Video_ID, User_ID) VALUES (81, '2009-12-15 04:05:19.000', 8, 95)
INSERT dbo.[View](View_ID, View_date, Video_ID, User_ID) VALUES (82, '2009-01-01 14:33:38.000', 29, 47)
INSERT dbo.[View](View_ID, View_date, Video_ID, User_ID) VALUES (83, '2009-01-01 00:00:09.000', 20, 7)
INSERT dbo.[View](View_ID, View_date, Video_ID, User_ID) VALUES (84, '2017-03-27 18:15:22.000', 74, 28)
INSERT dbo.[View](View_ID, View_date, Video_ID, User_ID) VALUES (85, '2013-08-09 17:08:37.000', 40, 184)
INSERT dbo.[View](View_ID, View_date, Video_ID, User_ID) VALUES (86, '2009-01-01 00:00:08.000', 88, 8)
INSERT dbo.[View](View_ID, View_date, Video_ID, User_ID) VALUES (87, '2016-02-11 23:39:34.000', 76, 134)
INSERT dbo.[View](View_ID, View_date, Video_ID, User_ID) VALUES (88, '2009-01-01 00:00:21.000', 76, 68)
INSERT dbo.[View](View_ID, View_date, Video_ID, User_ID) VALUES (89, '2010-09-16 21:47:00.000', 42, 117)
INSERT dbo.[View](View_ID, View_date, Video_ID, User_ID) VALUES (90, '2010-04-01 03:52:28.000', 88, 167)
INSERT dbo.[View](View_ID, View_date, Video_ID, User_ID) VALUES (91, '2009-01-01 00:13:40.000', 62, 48)
INSERT dbo.[View](View_ID, View_date, Video_ID, User_ID) VALUES (92, '2010-08-20 11:49:11.000', 28, 97)
INSERT dbo.[View](View_ID, View_date, Video_ID, User_ID) VALUES (93, '2009-01-10 00:00:19.000', 88, 185)
INSERT dbo.[View](View_ID, View_date, Video_ID, User_ID) VALUES (94, '2010-03-13 21:56:58.000', 106, 155)
INSERT dbo.[View](View_ID, View_date, Video_ID, User_ID) VALUES (95, '2009-01-01 00:00:19.000', 75, 118)
INSERT dbo.[View](View_ID, View_date, Video_ID, User_ID) VALUES (96, '2014-12-07 20:26:46.000', 63, 98)
INSERT dbo.[View](View_ID, View_date, Video_ID, User_ID) VALUES (97, '2010-05-20 15:33:58.000', 8, 29)
INSERT dbo.[View](View_ID, View_date, Video_ID, User_ID) VALUES (98, '2015-07-21 22:51:48.000', 51, 69)
INSERT dbo.[View](View_ID, View_date, Video_ID, User_ID) VALUES (99, '2010-11-14 10:39:33.000', 64, 116)
INSERT dbo.[View](View_ID, View_date, Video_ID, User_ID) VALUES (100, '2009-01-01 00:00:10.000', 30, 117)
INSERT dbo.[View](View_ID, View_date, Video_ID, User_ID) VALUES (101, '2010-01-01 10:33:08.000', 51, 9)
INSERT dbo.[View](View_ID, View_date, Video_ID, User_ID) VALUES (102, '2009-01-01 00:43:44.000', 41, 49)
INSERT dbo.[View](View_ID, View_date, Video_ID, User_ID) VALUES (103, '2010-02-07 11:31:40.000', 22, 135)
INSERT dbo.[View](View_ID, View_date, Video_ID, User_ID) VALUES (104, '2012-01-08 13:37:07.000', 76, 97)
INSERT dbo.[View](View_ID, View_date, Video_ID, User_ID) VALUES (105, '2009-01-01 00:10:49.000', 29, 156)
INSERT dbo.[View](View_ID, View_date, Video_ID, User_ID) VALUES (106, '2014-11-11 01:12:23.000', 115, 30)
INSERT dbo.[View](View_ID, View_date, Video_ID, User_ID) VALUES (107, '2009-01-01 00:01:16.000', 116, 136)
INSERT dbo.[View](View_ID, View_date, Video_ID, User_ID) VALUES (108, '2016-04-01 13:26:25.000', 43, 70)
INSERT dbo.[View](View_ID, View_date, Video_ID, User_ID) VALUES (109, '2010-07-23 08:05:37.000', 75, 10)
INSERT dbo.[View](View_ID, View_date, Video_ID, User_ID) VALUES (110, '2015-02-15 10:06:13.000', 106, 96)
INSERT dbo.[View](View_ID, View_date, Video_ID, User_ID) VALUES (111, '2010-03-08 16:14:02.000', 106, 168)
INSERT dbo.[View](View_ID, View_date, Video_ID, User_ID) VALUES (112, '2010-08-28 01:01:56.000', 116, 50)
INSERT dbo.[View](View_ID, View_date, Video_ID, User_ID) VALUES (113, '2009-01-01 00:00:10.000', 76, 71)
INSERT dbo.[View](View_ID, View_date, Video_ID, User_ID) VALUES (114, '2014-09-21 21:09:38.000', 21, 157)
INSERT dbo.[View](View_ID, View_date, Video_ID, User_ID) VALUES (115, '2010-06-01 12:57:12.000', 31, 31)
INSERT dbo.[View](View_ID, View_date, Video_ID, User_ID) VALUES (116, '2009-01-01 00:00:32.000', 76, 137)
INSERT dbo.[View](View_ID, View_date, Video_ID, User_ID) VALUES (117, '2010-02-09 19:48:17.000', 64, 51)
INSERT dbo.[View](View_ID, View_date, Video_ID, User_ID) VALUES (118, '2010-02-08 15:49:53.000', 20, 72)
INSERT dbo.[View](View_ID, View_date, Video_ID, User_ID) VALUES (119, '2009-12-19 05:22:56.000', 8, 118)
INSERT dbo.[View](View_ID, View_date, Video_ID, User_ID) VALUES (120, '2010-03-25 19:47:44.000', 115, 11)
INSERT dbo.[View](View_ID, View_date, Video_ID, User_ID) VALUES (121, '2009-01-06 14:15:01.000', 116, 52)
INSERT dbo.[View](View_ID, View_date, Video_ID, User_ID) VALUES (122, '2009-01-01 02:06:21.000', 63, 117)
INSERT dbo.[View](View_ID, View_date, Video_ID, User_ID) VALUES (123, '2010-01-06 20:03:15.000', 116, 158)
INSERT dbo.[View](View_ID, View_date, Video_ID, User_ID) VALUES (124, '2009-01-07 18:45:18.000', 107, 32)
INSERT dbo.[View](View_ID, View_date, Video_ID, User_ID) VALUES (125, '2009-01-01 00:03:49.000', 106, 138)
INSERT dbo.[View](View_ID, View_date, Video_ID, User_ID) VALUES (126, '2014-03-25 02:20:41.000', 42, 186)
INSERT dbo.[View](View_ID, View_date, Video_ID, User_ID) VALUES (127, '2013-03-28 18:34:45.000', 88, 169)
INSERT dbo.[View](View_ID, View_date, Video_ID, User_ID) VALUES (128, '2009-01-01 01:24:17.000', 107, 73)
INSERT dbo.[View](View_ID, View_date, Video_ID, User_ID) VALUES (129, '2010-02-28 21:00:17.000', 21, 98)
INSERT dbo.[View](View_ID, View_date, Video_ID, User_ID) VALUES (130, '2009-01-01 00:00:45.000', 88, 12)
INSERT dbo.[View](View_ID, View_date, Video_ID, User_ID) VALUES (131, '2012-09-23 21:19:05.000', 106, 187)
INSERT dbo.[View](View_ID, View_date, Video_ID, User_ID) VALUES (132, '2015-03-04 03:49:07.000', 107, 33)
INSERT dbo.[View](View_ID, View_date, Video_ID, User_ID) VALUES (133, '2010-01-05 13:17:50.000', 51, 13)
INSERT dbo.[View](View_ID, View_date, Video_ID, User_ID) VALUES (134, '2010-01-04 18:21:48.000', 89, 159)
INSERT dbo.[View](View_ID, View_date, Video_ID, User_ID) VALUES (135, '2015-08-05 11:44:45.000', 76, 34)
INSERT dbo.[View](View_ID, View_date, Video_ID, User_ID) VALUES (136, '2009-01-01 00:01:36.000', 76, 53)
INSERT dbo.[View](View_ID, View_date, Video_ID, User_ID) VALUES (137, '2009-01-01 00:02:28.000', 52, 14)
INSERT dbo.[View](View_ID, View_date, Video_ID, User_ID) VALUES (138, '2014-04-26 05:57:36.000', 88, 35)
INSERT dbo.[View](View_ID, View_date, Video_ID, User_ID) VALUES (139, '2010-08-02 06:25:10.000', 21, 119)
INSERT dbo.[View](View_ID, View_date, Video_ID, User_ID) VALUES (140, '2011-02-22 22:59:51.000', 62, 74)
INSERT dbo.[View](View_ID, View_date, Video_ID, User_ID) VALUES (141, '2009-01-01 00:05:31.000', 9, 15)
INSERT dbo.[View](View_ID, View_date, Video_ID, User_ID) VALUES (142, '2010-11-01 19:13:43.000', 75, 170)
INSERT dbo.[View](View_ID, View_date, Video_ID, User_ID) VALUES (143, '2012-11-10 19:09:51.000', 30, 54)
INSERT dbo.[View](View_ID, View_date, Video_ID, User_ID) VALUES (144, '2010-03-08 06:55:14.000', 76, 75)
INSERT dbo.[View](View_ID, View_date, Video_ID, User_ID) VALUES (145, '2009-01-04 01:01:03.000', 43, 36)
INSERT dbo.[View](View_ID, View_date, Video_ID, User_ID) VALUES (146, '2009-01-01 00:00:04.000', 64, 188)
INSERT dbo.[View](View_ID, View_date, Video_ID, User_ID) VALUES (147, '2015-02-12 01:46:17.000', 44, 16)
INSERT dbo.[View](View_ID, View_date, Video_ID, User_ID) VALUES (148, '2009-01-01 00:03:11.000', 117, 37)
INSERT dbo.[View](View_ID, View_date, Video_ID, User_ID) VALUES (149, '2010-09-14 07:36:38.000', 77, 119)
INSERT dbo.[View](View_ID, View_date, Video_ID, User_ID) VALUES (150, '2010-02-21 15:44:16.000', 116, 99)
INSERT dbo.[View](View_ID, View_date, Video_ID, User_ID) VALUES (151, '2009-01-01 01:40:58.000', 32, 139)
INSERT dbo.[View](View_ID, View_date, Video_ID, User_ID) VALUES (152, '2009-01-01 05:14:20.000', 65, 55)
INSERT dbo.[View](View_ID, View_date, Video_ID, User_ID) VALUES (153, '2016-03-25 13:34:36.000', 8, 76)
INSERT dbo.[View](View_ID, View_date, Video_ID, User_ID) VALUES (154, '2011-06-10 11:58:25.000', 107, 171)
INSERT dbo.[View](View_ID, View_date, Video_ID, User_ID) VALUES (155, '2010-08-17 09:23:56.000', 9, 160)
INSERT dbo.[View](View_ID, View_date, Video_ID, User_ID) VALUES (156, '2009-12-30 23:45:14.000', 88, 189)
INSERT dbo.[View](View_ID, View_date, Video_ID, User_ID) VALUES (157, '2014-09-16 18:28:57.000', 31, 140)
INSERT dbo.[View](View_ID, View_date, Video_ID, User_ID) VALUES (158, '2009-01-01 00:01:27.000', 44, 172)
INSERT dbo.[View](View_ID, View_date, Video_ID, User_ID) VALUES (159, '2014-11-27 15:28:27.000', 76, 190)
INSERT dbo.[View](View_ID, View_date, Video_ID, User_ID) VALUES (160, '2009-12-22 04:34:03.000', 32, 161)
INSERT dbo.[View](View_ID, View_date, Video_ID, User_ID) VALUES (161, '2009-12-06 22:04:22.000', 76, 56)
INSERT dbo.[View](View_ID, View_date, Video_ID, User_ID) VALUES (162, '2010-01-21 04:20:26.000', 89, 173)
INSERT dbo.[View](View_ID, View_date, Video_ID, User_ID) VALUES (163, '2015-12-15 16:37:36.000', 45, 191)
INSERT dbo.[View](View_ID, View_date, Video_ID, User_ID) VALUES (164, '2015-08-30 07:30:30.000', 45, 120)
INSERT dbo.[View](View_ID, View_date, Video_ID, User_ID) VALUES (165, '2009-01-01 08:00:40.000', 33, 174)
INSERT dbo.[View](View_ID, View_date, Video_ID, User_ID) VALUES (166, '2011-10-23 08:36:53.000', 53, 97)
INSERT dbo.[View](View_ID, View_date, Video_ID, User_ID) VALUES (167, '2009-01-01 00:00:03.000', 89, 77)
INSERT dbo.[View](View_ID, View_date, Video_ID, User_ID) VALUES (168, '2010-08-11 17:06:04.000', 21, 192)
INSERT dbo.[View](View_ID, View_date, Video_ID, User_ID) VALUES (169, '2009-11-17 18:41:31.000', 52, 118)
INSERT dbo.[View](View_ID, View_date, Video_ID, User_ID) VALUES (170, '2009-12-15 07:17:04.000', 63, 100)
INSERT dbo.[View](View_ID, View_date, Video_ID, User_ID) VALUES (171, '2015-11-05 18:34:14.000', 66, 99)
INSERT dbo.[View](View_ID, View_date, Video_ID, User_ID) VALUES (172, '2009-01-02 23:44:58.000', 77, 120)
INSERT dbo.[View](View_ID, View_date, Video_ID, User_ID) VALUES (173, '2009-01-12 11:54:30.000', 54, 121)
INSERT dbo.[View](View_ID, View_date, Video_ID, User_ID) VALUES (174, '2009-01-05 14:17:00.000', 106, 175)
INSERT dbo.[View](View_ID, View_date, Video_ID, User_ID) VALUES (175, '2009-12-07 19:44:42.000', 33, 141)
INSERT dbo.[View](View_ID, View_date, Video_ID, User_ID) VALUES (176, '2010-05-08 03:25:56.000', 117, 57)
INSERT dbo.[View](View_ID, View_date, Video_ID, User_ID) VALUES (177, '2013-04-28 09:57:24.000', 89, 100)
INSERT dbo.[View](View_ID, View_date, Video_ID, User_ID) VALUES (178, '2009-01-01 00:00:03.000', 76, 193)
INSERT dbo.[View](View_ID, View_date, Video_ID, User_ID) VALUES (179, '2011-04-29 18:22:01.000', 46, 78)
INSERT dbo.[View](View_ID, View_date, Video_ID, User_ID) VALUES (180, '2016-10-06 04:05:37.000', 117, 58)
INSERT dbo.[View](View_ID, View_date, Video_ID, User_ID) VALUES (181, '2010-04-27 00:09:47.000', 52, 79)
INSERT dbo.[View](View_ID, View_date, Video_ID, User_ID) VALUES (182, '2012-09-19 16:59:35.000', 9, 59)
INSERT dbo.[View](View_ID, View_date, Video_ID, User_ID) VALUES (183, '2013-02-26 01:35:42.000', 46, 98)
INSERT dbo.[View](View_ID, View_date, Video_ID, User_ID) VALUES (184, '2009-01-01 00:00:16.000', 89, 119)
INSERT dbo.[View](View_ID, View_date, Video_ID, User_ID) VALUES (185, '2014-10-08 18:36:25.000', 21, 176)
INSERT dbo.[View](View_ID, View_date, Video_ID, User_ID) VALUES (186, '2009-12-06 14:48:22.000', 65, 162)
INSERT dbo.[View](View_ID, View_date, Video_ID, User_ID) VALUES (187, '2009-01-01 01:32:00.000', 108, 142)
INSERT dbo.[View](View_ID, View_date, Video_ID, User_ID) VALUES (188, '2011-12-07 07:59:32.000', 51, 163)
INSERT dbo.[View](View_ID, View_date, Video_ID, User_ID) VALUES (189, '2009-01-03 21:07:11.000', 34, 143)
INSERT dbo.[View](View_ID, View_date, Video_ID, User_ID) VALUES (190, '2013-05-19 17:15:26.000', 20, 164)
INSERT dbo.[View](View_ID, View_date, Video_ID, User_ID) VALUES (191, '2012-02-18 15:53:37.000', 34, 101)
INSERT dbo.[View](View_ID, View_date, Video_ID, User_ID) VALUES (192, '2009-01-05 17:30:20.000', 89, 122)
INSERT dbo.[View](View_ID, View_date, Video_ID, User_ID) VALUES (193, '2015-01-04 05:11:19.000', 47, 102)
INSERT dbo.[View](View_ID, View_date, Video_ID, User_ID) VALUES (194, '2010-06-12 22:25:47.000', 65, 144)
INSERT dbo.[View](View_ID, View_date, Video_ID, User_ID) VALUES (195, '2010-01-18 14:10:00.000', 35, 124)
INSERT dbo.[View](View_ID, View_date, Video_ID, User_ID) VALUES (196, '2009-12-21 07:45:15.000', 90, 123)
INSERT dbo.[View](View_ID, View_date, Video_ID, User_ID) VALUES (197, '2016-09-18 09:51:04.000', 64, 194)
INSERT dbo.[View](View_ID, View_date, Video_ID, User_ID) VALUES (198, '2009-01-05 14:51:50.000', 8, 121)
INSERT dbo.[View](View_ID, View_date, Video_ID, User_ID) VALUES (199, '2009-12-24 17:31:30.000', 118, 177)
INSERT dbo.[View](View_ID, View_date, Video_ID, User_ID) VALUES (200, '2009-01-01 02:04:19.000', 47, 145)
GO

--
-- Set NOEXEC to off
--

SET NOEXEC OFF
GO